@HD	VN:1.6
@SQ	SN:1	LN:249250621
@SQ	SN:2	LN:243199373
@SQ	SN:3	LN:198022430
@SQ	SN:4	LN:191154276
@SQ	SN:5	LN:180915260
@SQ	SN:6	LN:171115067
@SQ	SN:7	LN:159138663
@SQ	SN:8	LN:146364022
@SQ	SN:9	LN:141213431
@SQ	SN:10	LN:135534747
@SQ	SN:11	LN:135006516
@SQ	SN:12	LN:133851895
@SQ	SN:13	LN:115169878
@SQ	SN:14	LN:107349540
@SQ	SN:15	LN:102531392
@SQ	SN:16	LN:90354753
@SQ	SN:17	LN:81195210
@SQ	SN:18	LN:78077248
@SQ	SN:19	LN:59128983
@SQ	SN:20	LN:63025520
@SQ	SN:21	LN:48129895
@SQ	SN:22	LN:51304566
@SQ	SN:X	LN:155270560
@SQ	SN:Y	LN:59373566
@SQ	SN:MT	LN:16569
@SQ	SN:GL000207.1	LN:4262
@SQ	SN:GL000226.1	LN:15008
@SQ	SN:GL000229.1	LN:19913
@SQ	SN:GL000231.1	LN:27386
@SQ	SN:GL000210.1	LN:27682
@SQ	SN:GL000239.1	LN:33824
@SQ	SN:GL000235.1	LN:34474
@SQ	SN:GL000201.1	LN:36148
@SQ	SN:GL000247.1	LN:36422
@SQ	SN:GL000245.1	LN:36651
@SQ	SN:GL000197.1	LN:37175
@SQ	SN:GL000203.1	LN:37498
@SQ	SN:GL000246.1	LN:38154
@SQ	SN:GL000249.1	LN:38502
@SQ	SN:GL000196.1	LN:38914
@SQ	SN:GL000248.1	LN:39786
@SQ	SN:GL000244.1	LN:39929
@SQ	SN:GL000238.1	LN:39939
@SQ	SN:GL000202.1	LN:40103
@SQ	SN:GL000234.1	LN:40531
@SQ	SN:GL000232.1	LN:40652
@SQ	SN:GL000206.1	LN:41001
@SQ	SN:GL000240.1	LN:41933
@SQ	SN:GL000236.1	LN:41934
@SQ	SN:GL000241.1	LN:42152
@SQ	SN:GL000243.1	LN:43341
@SQ	SN:GL000242.1	LN:43523
@SQ	SN:GL000230.1	LN:43691
@SQ	SN:GL000237.1	LN:45867
@SQ	SN:GL000233.1	LN:45941
@SQ	SN:GL000204.1	LN:81310
@SQ	SN:GL000198.1	LN:90085
@SQ	SN:GL000208.1	LN:92689
@SQ	SN:GL000191.1	LN:106433
@SQ	SN:GL000227.1	LN:128374
@SQ	SN:GL000228.1	LN:129120
@SQ	SN:GL000214.1	LN:137718
@SQ	SN:GL000221.1	LN:155397
@SQ	SN:GL000209.1	LN:159169
@SQ	SN:GL000218.1	LN:161147
@SQ	SN:GL000220.1	LN:161802
@SQ	SN:GL000213.1	LN:164239
@SQ	SN:GL000211.1	LN:166566
@SQ	SN:GL000199.1	LN:169874
@SQ	SN:GL000217.1	LN:172149
@SQ	SN:GL000216.1	LN:172294
@SQ	SN:GL000215.1	LN:172545
@SQ	SN:GL000205.1	LN:174588
@SQ	SN:GL000219.1	LN:179198
@SQ	SN:GL000224.1	LN:179693
@SQ	SN:GL000223.1	LN:180455
@SQ	SN:GL000195.1	LN:182896
@SQ	SN:GL000212.1	LN:186858
@SQ	SN:GL000222.1	LN:186861
@SQ	SN:GL000200.1	LN:187035
@SQ	SN:GL000193.1	LN:189789
@SQ	SN:GL000194.1	LN:191469
@SQ	SN:GL000225.1	LN:211173
@SQ	SN:GL000192.1	LN:547496
@SQ	SN:NC_007605	LN:171823
@SQ	SN:hs37d5	LN:35477943
@RG	ID:GATKCopyNumber	SM:fb8b5ff5-4164-4276-b75b-b0ee6bda7329
CONTIG	POSITION	REF_COUNT	ALT_COUNT	REF_NUCLEOTIDE	ALT_NUCLEOTIDE
1	1337334	33	37	G	T
1	1384429	24	24	G	A
1	2620444	62	36	C	G
1	2620482	58	24	T	A
1	2620734	58	37	G	C
1	2620738	60	38	G	C
1	2620817	88	18	C	T
1	2620833	93	16	C	T
1	2620837	69	35	C	T
1	2897280	23	33	G	A
1	6528250	22	31	G	A
1	11462005	20	19	C	T
1	12153733	36	36	T	G
1	14713489	25	35	C	T
1	16837918	11	41	A	G
1	16838092	88	242	T	C
1	16899903	46	26	G	C
1	17012702	14	27	G	A
1	17012709	31	13	G	A
1	17413769	36	21	T	C
1	17413899	36	27	T	A
1	22301727	24	17	A	G
1	22303024	28	12	T	C
1	22303465	69	42	C	T
1	26234983	20	29	A	G
1	28414915	34	34	T	G
1	30417143	36	35	C	A
1	30874753	31	59	G	A
1	36066760	19	17	C	T
1	36968706	40	35	C	T
1	36968736	35	32	T	A
1	38731331	32	21	T	G
1	38731439	38	31	A	G
1	41378305	41	23	T	C
1	41437417	27	43	T	C
1	42563219	40	49	C	T
1	43066555	50	32	T	C
1	43066699	35	21	T	C
1	43438399	18	31	C	T
1	47543433	25	17	C	T
1	48678311	14	29	C	T
1	53736613	26	13	A	G
1	53917398	24	33	G	A
1	55033869	38	53	T	C
1	55035269	25	24	T	C
1	55967928	49	17	T	A
1	55968398	21	18	A	G
1	55968450	24	28	C	T
1	56039069	30	37	G	T
1	56039345	41	24	C	A
1	59022038	31	47	G	A
1	60786246	27	31	A	G
1	67964866	15	20	G	A
1	69855879	43	43	C	T
1	72492445	25	45	C	T
1	73310138	36	27	C	T
1	73454240	34	26	G	A
1	75823198	35	42	C	T
1	76469334	43	29	G	A
1	79096379	35	29	A	G
1	79128914	33	45	G	A
1	80067947	25	23	T	C
1	80199565	25	18	G	A
1	81696124	19	25	G	A
1	82282788	29	30	C	T
1	86003983	42	45	T	C
1	86004103	37	47	A	G
1	90625022	32	21	T	C
1	90886870	31	31	C	A
1	90886972	21	28	C	T
1	104128618	29	61	G	A
1	104604216	27	19	G	A
1	104809427	29	32	A	T
1	105459310	49	22	C	A
1	108588195	25	38	G	T
1	108647006	26	34	G	T
1	108878009	28	21	C	A
1	109016615	40	33	C	T
1	109813719	31	22	C	T
1	110249558	45	17	G	T
1	116285147	26	22	A	G
1	116285189	43	32	G	C
1	116285347	37	33	A	G
1	116285449	19	26	T	G
1	116285534	27	23	C	T
1	119090280	59	36	A	G
1	119090489	55	54	C	T
1	121478554	45	32	A	C
1	142564278	87	14	C	T
1	142564287	84	15	T	C
1	142564309	79	19	A	T
1	142615173	80	19	G	T
1	142615177	76	15	A	T
1	142615367	53	23	A	G
1	142615876	50	25	T	G
1	142615882	53	25	A	G
1	142616057	57	23	G	A
1	142616094	46	26	G	A
1	142616105	47	27	C	A
1	143180137	64	20	T	C
1	144849377	48	37	C	A
1	144849449	69	17	C	T
1	144849485	47	27	G	C
1	144854380	106	116	T	C
1	144854412	130	66	A	C
1	144854454	139	56	A	C
1	144854491	117	75	T	G
1	144854497	117	74	A	G
1	144854528	119	86	A	G
1	144854537	145	51	T	C
1	144854564	171	40	G	A
1	144854581	146	58	T	C
1	144854594	141	53	G	T
1	144854730	148	37	A	G
1	144854793	88	59	C	T
1	144854799	85	60	C	T
1	144854836	77	43	C	T
1	144854844	83	35	A	T
1	144855312	73	19	G	C
1	145190614	135	58	C	T
1	145190636	170	32	G	C
1	145190643	134	71	G	T
1	145190768	66	27	C	T
1	146473826	57	22	C	T
1	146473893	83	4	T	C
1	146474069	40	18	T	G
1	149029121	36	82	T	C
1	149029149	76	58	A	G
1	149029447	160	41	A	T
1	149219722	23	36	C	T
1	149281033	13	19	A	G
1	149744521	64	30	T	C
1	151557497	32	42	C	T
1	153215563	39	43	C	T
1	154455949	34	24	T	C
1	154730078	22	33	C	T
1	157151987	32	34	G	C
1	157152256	26	31	G	A
1	158698548	27	23	C	T
1	162246814	56	28	G	C
1	164490491	27	18	C	G
1	164490537	25	20	T	C
1	168461432	35	35	C	G
1	168461703	27	23	G	T
1	168713243	34	47	G	A
1	169954573	43	18	G	T
1	173438617	35	32	C	T
1	173438673	35	31	T	G
1	186138555	35	25	A	G
1	200300299	42	47	G	A
1	200679076	37	22	C	T
1	201610247	23	31	A	G
1	205375214	34	23	G	A
1	208545186	19	45	C	T
1	208804121	34	36	T	G
1	210882374	23	24	T	C
1	210968745	24	23	A	T
1	210968794	31	38	G	A
1	211953318	28	27	G	A
1	219933247	24	24	T	A
1	220935081	31	39	G	A
1	223289021	39	35	C	T
1	224921321	26	38	C	T
1	226071570	37	28	A	G
1	227388086	22	17	C	T
1	229770364	35	33	T	C
1	232069896	33	19	G	C
1	238961310	19	28	T	A
1	239115335	21	11	C	A
1	239341507	31	19	C	T
1	239341530	33	8	T	A
1	242487670	65	33	T	C
1	242487732	62	13	T	C
1	242703283	17	23	G	A
1	242761154	22	23	A	G
1	248601282	25	11	A	G
1	248601349	36	27	G	A
1	248601652	32	44	T	C
1	248617111	56	20	G	A
1	248617133	66	30	C	T
1	248617150	58	31	T	C
2	104979	26	32	C	T
2	105171	20	45	G	T
2	105493	40	15	T	C
2	105517	21	42	C	T
2	437019	23	16	A	G
2	1164035	9	28	G	A
2	1698322	32	16	C	T
2	2714308	32	44	G	A
2	4616072	45	19	A	G
2	4757716	33	18	T	C
2	4908113	33	24	G	A
2	5388249	37	28	G	T
2	5946693	12	19	C	A
2	10147536	5	27	C	T
2	10147630	17	48	G	T
2	10147646	17	45	C	T
2	10735609	41	28	G	C
2	10735614	27	41	G	A
2	10757101	54	26	A	G
2	10757132	55	23	G	A
2	10757145	58	26	A	G
2	13946939	41	23	C	T
2	13951524	44	19	A	G
2	15834052	19	48	A	G
2	16053757	22	47	G	A
2	16635981	22	65	G	C
2	19934766	111	21	G	C
2	21429198	11	66	A	G
2	22712336	20	36	T	A
2	23813482	23	51	A	C
2	26114230	10	30	C	T
2	28125793	37	26	A	T
2	28572710	31	14	G	A
2	28572731	34	15	C	A
2	28572854	20	13	G	C
2	28574273	10	28	C	T
2	29444656	16	51	G	A
2	33091628	103	40	A	C
2	33141014	59	16	T	C
2	33827428	18	65	A	C
2	34959421	40	27	A	G
2	35075845	54	24	C	T
2	37642891	79	35	T	G
2	37642989	64	26	C	G
2	38734693	35	12	A	G
2	38901086	35	84	G	A
2	38901145	26	84	T	G
2	39263962	30	20	C	T
2	41251205	55	20	A	T
2	42222529	19	32	G	A
2	48443109	31	43	G	A
2	48443320	21	44	T	C
2	48988636	23	16	A	C
2	50751414	11	25	C	A
2	50751436	12	26	G	A
2	51728889	47	40	A	G
2	51792493	27	5	G	C
2	53792994	40	26	C	T
2	56632645	32	38	A	G
2	56632683	26	34	A	T
2	56668473	18	49	G	A
2	67377875	35	23	G	A
2	71382527	61	36	C	T
2	71954313	35	49	T	C
2	71961663	30	48	G	A
2	71961721	23	40	C	T
2	76812058	35	21	G	T
2	76812081	25	37	C	T
2	78117405	27	46	C	G
2	78117709	16	35	G	A
2	78367359	17	17	G	T
2	80488160	33	34	T	C
2	80488306	21	13	C	T
2	82950149	22	45	C	G
2	84226391	28	10	A	C
2	87591759	74	39	A	G
2	87591978	79	33	T	G
2	88647236	37	53	C	T
2	90472506	30	37	G	C
2	91814031	40	58	G	A
2	91814116	196	98	G	T
2	91814144	239	154	C	T
2	91814154	255	171	C	G
2	91814278	73	46	G	A
2	91860235	30	31	C	T
2	91860297	72	72	G	C
2	91860410	53	31	G	A
2	99074680	30	12	A	T
2	99505699	29	54	A	G
2	105149265	19	31	A	T
2	106341427	24	43	A	C
2	107131330	35	24	A	C
2	109032422	11	21	A	G
2	109083213	10	28	C	G
2	113996018	33	14	A	T
2	116267563	20	39	G	A
2	116268234	21	28	C	T
2	116270399	18	35	C	T
2	116514408	20	32	G	C
2	116896817	25	12	G	A
2	116897654	26	11	G	A
2	116897765	32	15	C	T
2	117165903	27	39	C	T
2	117165921	25	36	C	A
2	118516625	42	27	C	T
2	118900291	27	40	C	G
2	119018094	14	65	A	T
2	122534553	55	25	T	A
2	122534565	26	52	T	A
2	122599502	18	43	T	C
2	127644632	12	34	C	A
2	129153887	40	19	C	T
2	129153893	39	18	A	C
2	129154035	45	20	T	G
2	129154497	30	8	C	T
2	129438322	49	4	A	G
2	129438341	50	5	G	C
2	129524376	64	15	C	G
2	129543106	24	39	C	G
2	129573901	20	22	G	A
2	131544434	32	10	C	T
2	131544454	33	12	G	C
2	131549882	19	57	T	C
2	131778122	36	51	T	C
2	132102913	28	36	C	G
2	132229936	29	30	A	G
2	132229958	30	22	G	A
2	133001389	82	27	A	T
2	133001493	65	97	G	C
2	133001529	78	84	A	G
2	133001557	82	59	T	A
2	133162831	77	29	C	T
2	133207019	42	15	C	T
2	133210327	40	20	A	G
2	133210414	56	23	C	G
2	133210420	63	22	A	G
2	133210741	58	41	A	C
2	133627880	40	22	T	C
2	133628364	19	17	G	A
2	134923031	16	31	C	T
2	137897025	23	8	C	T
2	138456614	23	44	G	C
2	139560131	24	37	G	T
2	139560221	24	34	T	C
2	145848651	24	30	G	A
2	146889665	26	50	A	C
2	148367727	17	28	A	G
2	148512859	35	15	T	A
2	150077123	28	15	T	C
2	150239128	22	47	T	C
2	150239197	20	49	G	T
2	152078136	34	21	G	A
2	152320118	18	53	G	A
2	153664447	20	40	C	T
2	154071500	14	33	G	A
2	154071535	25	13	T	C
2	155234318	22	33	A	G
2	155237893	18	48	C	T
2	155238159	50	16	T	C
2	155682238	15	34	G	A
2	159727279	21	46	G	C
2	166637159	31	61	G	T
2	169491906	29	15	G	T
2	169491968	23	39	A	G
2	170861591	28	15	G	A
2	170989084	55	23	C	G
2	170989164	18	49	C	T
2	173407444	17	30	C	T
2	183039922	65	28	C	T
2	184880887	22	38	C	A
2	187098102	24	34	G	C
2	187462581	43	30	A	G
2	191829353	35	25	C	G
2	193053620	33	19	C	T
2	196431725	20	34	A	G
2	196431831	21	41	A	T
2	199142357	47	10	C	G
2	199142363	38	8	C	G
2	200047392	21	60	G	A
2	200047441	43	12	G	A
2	200094403	10	26	C	G
2	202471911	16	17	G	C
2	212362263	15	41	T	C
2	220195446	42	30	C	G
2	221818539	21	39	C	G
2	222955348	38	18	G	A
2	223043393	31	48	G	C
2	227768868	22	43	G	A
2	228197701	16	43	C	G
2	228205435	43	23	C	T
2	228205443	41	24	C	T
2	228903529	20	32	G	A
2	230970760	15	43	G	A
2	232338817	23	9	G	A
2	238067717	24	40	G	T
2	238425352	36	74	C	T
2	238870583	28	47	A	C
3	312338	35	29	T	C
3	312349	34	24	T	C
3	1230084	30	15	G	A
3	3321167	31	46	C	A
3	3419760	20	39	T	A
3	3663763	26	22	G	A
3	6170760	29	21	G	C
3	6354223	39	21	C	G
3	6708561	19	30	C	G
3	6775311	25	27	G	T
3	6775610	42	28	A	G
3	10219729	27	16	A	G
3	10478091	20	40	C	T
3	11244521	41	23	G	A
3	11299190	28	23	G	C
3	11376559	41	35	A	C
3	12275286	38	34	G	A
3	14329806	49	44	C	G
3	14329839	43	31	C	T
3	14856865	34	37	A	T
3	19050660	32	26	C	T
3	20743404	26	27	T	G
3	21755238	38	23	T	C
3	21755346	35	31	C	T
3	23312956	24	30	C	T
3	24100377	26	32	G	A
3	24100414	25	22	C	A
3	24101270	22	22	T	C
3	26575072	43	33	C	T
3	26851357	32	23	A	C
3	32034547	26	19	G	A
3	32034591	27	19	G	A
3	34178817	28	29	G	C
3	34178825	29	30	C	T
3	34840241	32	24	G	T
3	37017798	22	25	C	G
3	38368970	35	41	G	C
3	40471317	19	29	T	A
3	41414528	49	36	A	G
3	42434994	26	35	G	A
3	43322021	25	29	T	C
3	44652287	32	26	A	G
3	44858761	38	53	C	G
3	53383018	25	28	C	G
3	55167263	21	27	T	C
3	56295967	35	40	G	A
3	59755093	33	33	C	T
3	59755841	48	37	C	T
3	59755941	26	48	G	A
3	61828522	34	22	A	C
3	61856797	26	35	A	G
3	61856802	24	34	A	G
3	62131691	34	30	G	A
3	62473196	40	37	C	T
3	64899922	23	30	A	C
3	65062701	28	20	A	G
3	67209544	37	31	A	C
3	67443828	25	24	G	A
3	68403593	33	30	G	C
3	75402147	30	16	C	G
3	75402151	28	18	A	G
3	75839976	27	23	G	T
3	80878756	25	22	C	T
3	85393479	23	17	A	C
3	102811560	26	38	T	C
3	102811566	26	39	G	A
3	103462267	36	44	G	A
3	115528402	50	35	T	C
3	115908951	44	30	C	G
3	118003640	40	33	T	G
3	119265619	38	40	C	T
3	119265827	44	50	A	G
3	125628689	37	31	A	G
3	125629365	38	36	T	C
3	126035410	45	34	T	C
3	144344264	18	13	G	A
3	150545285	34	52	T	G
3	153160417	38	24	G	A
3	162053973	28	24	G	A
3	162463401	21	24	G	A
3	163732935	26	31	T	C
3	165618773	53	48	C	T
3	165619016	36	51	C	T
3	167088475	35	21	G	T
3	167114155	35	29	T	A
3	172409798	27	29	A	G
3	174487181	14	15	G	A
3	174487184	14	15	G	A
3	174545462	51	36	T	G
3	175249020	37	46	A	T
3	175790813	24	24	G	A
3	177925926	29	20	A	G
3	182237938	42	24	C	A
3	185628746	63	48	G	T
3	185628781	98	22	G	A
3	186688915	38	36	C	G
3	186922582	19	23	C	G
3	186993633	16	24	C	T
3	189864687	30	32	G	T
3	191386999	43	22	G	A
3	192372585	34	28	G	A
3	194774612	26	22	A	C
3	195417404	50	15	T	C
3	195417624	101	34	T	G
3	196180844	16	20	A	C
3	196182321	24	16	T	C
3	197794911	33	29	T	G
3	197794953	22	21	C	T
3	197795424	27	28	T	C
4	43243	54	28	G	A
4	43968	199	101	C	T
4	44244	224	19	C	G
4	48772	106	172	A	G
4	384533	28	25	G	T
4	2786079	55	42	C	T
4	3812249	38	28	A	T
4	5079963	24	28	G	A
4	6151717	31	25	G	A
4	7729045	54	43	C	G
4	7748933	35	30	A	C
4	7748943	44	28	G	A
4	7749131	46	29	C	T
4	7750414	50	43	C	T
4	7750457	57	30	C	T
4	7750470	57	26	T	G
4	7751050	40	25	A	G
4	11076268	27	28	G	A
4	16078255	22	41	C	T
4	19902412	32	17	A	G
4	21338433	31	34	C	T
4	21338497	27	22	G	A
4	21338513	23	20	A	C
4	23416521	27	17	A	G
4	27794724	22	29	T	C
4	28541792	44	29	T	C
4	28541807	46	18	T	C
4	32458827	20	18	T	A
4	32711763	32	28	C	T
4	34494677	28	28	C	G
4	35349716	47	44	C	G
4	35804819	25	21	T	C
4	36339827	43	36	T	G
4	42476033	29	41	T	C
4	44733593	26	38	C	T
4	46763688	16	19	G	T
4	46763750	23	28	A	G
4	46763845	31	27	G	A
4	47618663	35	44	G	A
4	47618685	34	33	C	T
4	49152621	147	13	G	A
4	49152626	121	29	C	G
4	49152666	74	17	C	G
4	49272059	73	22	T	C
4	54273237	31	25	C	G
4	54750860	42	21	A	T
4	54750921	35	26	G	A
4	54750942	34	31	T	C
4	54751608	33	31	C	A
4	57131596	37	20	G	A
4	57764862	23	30	C	T
4	66679492	21	32	T	C
4	66727393	64	29	C	T
4	70366332	35	26	A	C
4	85453547	23	19	C	T
4	88507827	46	13	A	G
4	88570492	35	23	G	A
4	88570528	19	27	T	C
4	91530823	20	21	T	C
4	96196081	31	31	G	A
4	99968786	25	29	A	T
4	101130251	28	30	G	A
4	101496706	24	24	C	T
4	103829640	58	27	A	T
4	114746289	27	22	A	C
4	115442279	41	38	T	C
4	115442298	29	48	A	G
4	115442313	31	45	T	C
4	115442316	27	41	G	A
4	115442357	32	34	T	C
4	115442464	45	27	G	T
4	116758134	46	46	C	T
4	120301200	24	29	A	G
4	121939986	35	25	A	G
4	124117562	26	26	A	T
4	130983188	25	20	G	A
4	131303110	26	25	A	C
4	132885067	36	28	T	C
4	135841925	14	12	A	G
4	137503911	26	26	T	C
4	138555414	32	34	G	C
4	140797201	15	30	G	A
4	142876166	30	22	C	T
4	145760579	42	30	C	G
4	152020251	30	20	C	T
4	155884307	41	35	C	G
4	157006954	18	28	T	C
4	157023601	30	29	C	T
4	158083386	50	28	C	A
4	159227754	32	24	T	C
4	160636415	29	21	G	A
4	160899072	53	39	A	C
4	164200936	17	23	C	T
4	165730714	17	27	G	A
4	171682439	15	20	C	A
4	171801094	26	21	C	T
4	172532469	25	30	C	T
4	172604046	26	28	A	G
4	173041533	34	34	C	T
4	173618831	23	31	G	A
4	177417269	32	35	C	A
4	178420194	37	58	G	T
4	179309065	25	18	T	C
4	187607304	21	29	C	T
4	187620849	35	10	A	G
4	187632102	34	26	C	T
4	187669816	41	42	C	T
4	187669842	36	27	C	G
4	188579429	24	18	C	T
4	189101469	41	25	C	T
4	189101560	40	40	G	A
4	189826512	13	14	A	T
4	189826525	19	18	G	A
4	190342971	30	27	G	A
4	190697900	27	25	T	C
4	190816893	28	32	G	T
4	191036388	31	49	C	T
5	2614928	22	9	A	G
5	3697680	43	24	C	T
5	3697703	43	21	C	T
5	4814218	23	11	C	T
5	4814392	32	13	C	G
5	4814945	21	28	C	A
5	4815241	37	33	C	T
5	4818616	22	47	T	C
5	5294187	38	39	C	T
5	5714591	69	30	G	C
5	5846757	58	37	T	C
5	6574494	62	24	G	A
5	7371327	56	44	G	A
5	7447525	48	30	T	C
5	8765330	25	34	G	A
5	9002446	22	29	G	A
5	9002474	19	25	G	A
5	9290747	35	22	A	C
5	9973451	35	32	A	C
5	16075563	55	43	T	C
5	16075812	34	51	T	C
5	16364777	37	22	A	G
5	18631664	40	56	C	T
5	23258050	40	38	T	C
5	25853692	23	25	T	C
5	30824832	48	30	G	C
5	30824886	57	42	T	C
5	30873644	18	38	A	G
5	32456031	32	58	C	G
5	33257779	33	24	T	C
5	33630752	12	25	G	A
5	33836077	27	27	C	T
5	34716596	21	25	A	C
5	40218284	32	25	G	A
5	40949776	26	33	T	G
5	40949804	39	26	T	G
5	44176578	27	37	T	C
5	44581859	43	35	C	A
5	45136050	15	24	T	C
5	51393682	37	32	A	G
5	51393731	40	31	G	T
5	51393758	38	32	C	T
5	51396821	55	35	A	G
5	52110049	30	27	C	A
5	52110133	27	17	C	A
5	52371874	39	39	C	T
5	59122775	24	38	G	A
5	59123257	38	39	T	C
5	60496392	22	12	C	T
5	62099586	40	11	C	T
5	62141817	38	38	C	T
5	62212416	31	41	T	C
5	63081620	52	40	A	T
5	71111127	45	39	C	T
5	75062447	34	48	G	T
5	75062450	36	45	G	A
5	76650530	58	44	G	A
5	77795843	35	31	A	G
5	79851891	14	14	T	G
5	79851927	23	18	C	T
5	80278212	48	30	A	G
5	80278562	23	18	A	G
5	81842023	18	23	T	C
5	82484593	29	31	T	C
5	83345909	24	14	T	C
5	84989733	45	42	A	G
5	87428897	41	33	T	C
5	101790944	15	23	C	G
5	102411719	37	50	G	A
5	109394790	22	19	A	G
5	109609412	36	40	C	G
5	111077531	47	14	C	G
5	112162854	32	27	T	C
5	113436889	23	23	C	T
5	113644030	25	26	C	A
5	115206348	39	32	A	G
5	118984375	33	32	T	G
5	120831708	18	29	G	A
5	121523202	23	15	G	A
5	125348925	64	51	G	A
5	125349097	40	42	T	A
5	127795823	18	19	C	T
5	133127733	35	50	C	T
5	133836209	29	27	C	T
5	136906900	37	35	C	G
5	145433340	39	31	G	A
5	146664164	35	33	T	C
5	150971682	33	32	T	C
5	154733616	19	30	C	T
5	156439084	31	20	G	A
5	157427447	28	21	C	T
5	157972178	27	37	A	G
5	158639839	32	25	G	A
5	158639854	38	29	A	C
5	159115494	28	25	C	G
5	159747837	49	21	T	C
5	161705244	22	30	T	C
5	168640519	52	52	T	C
5	169181763	35	33	C	G
5	169609490	26	33	C	A
5	170016666	54	43	C	A
5	170067895	31	17	A	G
5	170443585	32	20	T	C
5	170443590	33	19	A	C
5	170819887	31	21	G	A
5	170820024	36	38	G	A
5	171598185	51	20	G	A
5	172159491	26	24	C	T
5	173670147	25	35	G	C
5	175350700	74	52	A	C
5	177951781	35	34	C	T
5	180638092	24	39	G	C
6	337719	58	67	G	A
6	358206	43	44	C	T
6	368628	67	33	A	G
6	5565683	29	22	G	T
6	7085512	45	16	G	A
6	10166141	37	25	C	A
6	10166339	41	21	T	A
6	10166356	43	19	C	T
6	10166394	39	18	G	T
6	11532260	17	41	A	G
6	16266186	20	31	G	C
6	17602895	58	16	A	G
6	17602910	60	14	G	A
6	19113487	38	11	T	C
6	19113491	10	26	C	T
6	20019036	40	20	A	G
6	21243947	26	25	G	A
6	21244674	17	45	T	C
6	21710896	26	54	C	T
6	21857095	47	19	A	G
6	21857511	46	22	A	G
6	22022147	30	19	T	C
6	22140004	24	57	A	G
6	22140105	26	28	C	T
6	22140114	24	40	A	G
6	22140307	20	38	G	C
6	23454928	14	28	G	A
6	23773538	25	14	C	A
6	23773632	34	18	C	T
6	23852881	61	16	C	G
6	23852901	62	16	G	A
6	24056489	29	35	T	G
6	26567988	15	35	G	A
6	29799029	53	31	C	T
6	29799116	29	34	G	T
6	29799306	19	42	T	C
6	29799316	18	43	C	T
6	29799440	37	15	C	T
6	29855386	14	27	C	T
6	29855409	14	24	A	G
6	29855901	19	37	A	G
6	29855902	38	19	G	A
6	29855940	19	32	G	A
6	29855945	29	23	A	G
6	29856303	7	18	C	T
6	29856347	9	27	C	T
6	29905957	66	25	C	T
6	29906026	58	32	A	G
6	29906533	28	16	C	T
6	29906557	30	16	A	C
6	29906776	28	29	A	T
6	29906815	28	20	T	C
6	29907824	49	17	T	C
6	29907961	18	48	G	C
6	29923008	29	43	G	C
6	29923227	22	30	G	A
6	32176512	19	37	G	A
6	32279500	42	43	C	T
6	32448698	16	15	G	C
6	32448729	33	16	C	T
6	32449138	23	40	C	T
6	32493308	44	5	A	T
6	32493331	51	5	C	T
6	32493360	38	13	C	T
6	32493510	40	15	G	A
6	32493541	58	19	T	A
6	32493595	60	31	A	C
6	32493614	64	27	C	T
6	32493633	53	28	C	G
6	32493793	44	22	G	C
6	32493797	54	13	C	T
6	32493815	60	14	C	A
6	32493825	41	32	T	A
6	32493834	56	16	T	A
6	32493837	55	20	C	A
6	32493852	56	22	G	A
6	32493874	38	32	G	A
6	32493901	35	23	T	C
6	32493908	35	21	T	A
6	32498828	42	9	G	C
6	32498869	51	6	G	T
6	32498885	33	18	T	C
6	32504372	33	73	T	G
6	32504395	34	58	G	A
6	32504965	26	32	C	T
6	32505003	41	56	G	C
6	32505038	80	32	G	A
6	32505043	60	52	T	C
6	32505046	57	51	C	G
6	32505094	50	27	C	G
6	32514457	32	40	C	T
6	32514623	23	24	A	T
6	32514671	23	32	C	T
6	32514707	27	30	A	G
6	32522464	34	25	C	A
6	32522473	34	29	C	G
6	32522477	36	30	T	C
6	32522494	29	34	C	T
6	32549649	38	26	G	T
6	32549670	30	42	G	T
6	32549711	57	32	G	A
6	32549746	35	48	A	G
6	32553446	18	33	G	A
6	32553460	37	19	A	T
6	32553508	26	43	A	G
6	32553531	30	55	C	G
6	32553542	73	25	T	C
6	32553563	75	41	A	G
6	32553586	85	42	G	C
6	32553590	77	51	T	C
6	32553598	40	85	G	T
6	32553608	35	85	A	T
6	32553649	83	18	T	C
6	32553774	66	11	C	T
6	32553816	55	41	C	T
6	32553849	41	37	T	C
6	32608737	23	26	T	C
6	32608739	23	26	C	A
6	32608752	22	26	C	T
6	32608756	21	30	A	G
6	32608761	22	29	A	C
6	32608792	24	27	A	T
6	32608809	21	24	T	C
6	32608815	20	21	C	T
6	32608844	17	27	A	G
6	32608856	18	28	T	C
6	32608880	16	28	G	A
6	32608915	20	36	T	C
6	32608925	18	36	C	T
6	32608931	19	36	T	C
6	32608934	36	21	A	T
6	32608946	34	23	G	A
6	32608967	37	25	A	G
6	32608972	25	36	G	T
6	32608977	35	26	A	G
6	32608998	24	46	T	C
6	32609042	31	46	C	A
6	32609056	36	47	C	T
6	32609126	33	25	T	C
6	32609271	35	11	G	C
6	32609286	36	18	C	T
6	32609299	36	20	A	G
6	32609312	39	22	A	C
6	32609341	42	23	C	T
6	32609358	45	20	C	T
6	32609389	41	13	G	T
6	32609404	43	21	C	T
6	32609427	43	21	T	C
6	32609453	47	22	C	T
6	32609456	45	23	C	T
6	32609479	54	27	C	A
6	32609545	43	32	C	T
6	32609607	25	51	G	A
6	32609722	47	27	C	T
6	32609746	43	27	C	T
6	32620469	23	20	T	G
6	32620487	24	22	T	G
6	32620549	40	28	C	A
6	32719028	33	30	G	A
6	32719068	36	25	G	C
6	32727267	26	24	C	G
6	32727325	18	14	A	G
6	33274520	28	28	A	C
6	34796084	30	29	C	T
6	35143892	52	51	T	C
6	35759872	34	24	A	G
6	36938507	30	23	C	T
6	37040303	35	31	G	C
6	37040428	55	36	A	C
6	37040432	54	36	A	C
6	39755796	44	34	C	A
6	40139995	57	34	C	T
6	41475447	43	34	C	T
6	41475448	34	44	G	A
6	42087793	25	23	T	A
6	45076001	22	25	T	C
6	46179640	28	23	A	G
6	51619808	31	21	G	A
6	57392874	57	35	C	T
6	57392913	64	32	T	C
6	57392963	55	19	T	C
6	57393112	57	15	T	C
6	57393125	43	30	A	G
6	57393144	60	19	A	T
6	57393199	62	41	C	A
6	57393216	63	41	G	T
6	57393466	51	32	C	G
6	57393523	63	26	C	T
6	57393842	52	22	T	G
6	57393859	65	27	G	A
6	57451263	53	47	G	A
6	57451266	53	49	A	C
6	57548356	78	44	G	A
6	57548364	80	47	A	T
6	62260006	32	22	G	A
6	62260015	31	23	A	T
6	62298865	51	29	T	C
6	62472581	21	25	C	T
6	62472647	43	18	T	C
6	62472864	52	27	G	A
6	67796954	36	28	A	G
6	67797066	23	30	G	A
6	67797147	19	39	G	T
6	67797315	12	15	C	A
6	70692647	17	15	G	A
6	72183184	31	36	C	G
6	78676095	32	22	C	T
6	78858614	22	25	A	T
6	79107377	27	36	G	A
6	79107419	39	48	T	C
6	86107658	42	31	T	C
6	86895364	43	34	G	T
6	87434853	22	20	T	C
6	87837634	37	20	T	C
6	88135708	30	30	A	G
6	88575196	33	46	C	G
6	88605818	22	20	G	A
6	91509295	26	29	C	T
6	93857817	23	31	C	T
6	97034874	33	34	C	T
6	97067344	27	22	G	A
6	100228256	29	36	C	T
6	101020968	30	25	T	C
6	107256160	22	25	A	G
6	108562403	19	15	T	C
6	115413268	24	25	C	T
6	115413288	25	28	G	A
6	119015306	32	33	C	T
6	119547711	18	33	G	C
6	119547791	21	30	C	T
6	119640890	24	11	C	A
6	119641060	30	28	T	G
6	119689056	40	35	A	C
6	119763374	24	21	G	A
6	120116857	36	38	G	T
6	120119793	25	21	G	A
6	120173228	32	21	A	G
6	122676132	15	12	G	A
6	123369548	25	23	C	A
6	125857788	22	24	G	A
6	129989523	31	43	A	T
6	131422129	47	38	C	T
6	131868270	20	17	A	G
6	132838376	20	26	C	T
6	136396874	35	28	A	G
6	137066289	39	19	T	G
6	139741041	24	24	T	C
6	141679474	40	19	C	G
6	143969482	22	19	T	A
6	143969540	19	24	G	A
6	143969683	47	31	C	T
6	143969723	46	42	G	C
6	155988566	27	32	G	A
6	159147899	24	11	T	G
6	159147944	19	14	C	T
6	162995479	37	44	C	T
6	162995654	52	51	A	G
6	162995680	51	43	T	C
6	162995885	39	33	G	T
6	164450725	20	32	G	A
6	164450737	18	26	G	A
6	166227696	34	21	T	A
6	167616209	34	20	A	G
6	168094606	31	22	G	A
6	168929581	41	31	T	A
6	170821719	41	39	G	A
6	170821800	57	55	T	C
6	170821865	49	52	T	A
7	2630901	33	19	G	A
7	2630972	32	15	T	C
7	2669860	32	47	C	T
7	3959894	34	48	T	G
7	5382571	36	31	T	C
7	5382655	25	23	A	G
7	5902231	41	37	A	G
7	6043065	34	35	C	T
7	10540194	29	26	A	C
7	11730959	31	25	G	C
7	13688257	22	32	A	G
7	19130599	40	31	C	T
7	19130644	55	30	G	C
7	22177563	30	28	G	A
7	28297602	24	37	G	T
7	28297606	25	39	A	G
7	28297623	27	38	C	T
7	29346360	34	36	T	A
7	29930578	34	5	C	T
7	32227978	22	18	C	G
7	32348120	30	39	C	T
7	32348350	34	42	A	T
7	43655174	17	30	C	T
7	43655211	23	33	C	T
7	43668744	24	22	G	T
7	43671801	15	46	T	C
7	45315454	35	40	A	T
7	47908405	23	22	G	A
7	51841722	37	30	G	C
7	52911648	19	33	T	G
7	52911672	25	29	A	G
7	53223317	34	25	A	C
7	55708994	27	31	C	T
7	57752226	61	10	T	G
7	62680684	55	37	C	T
7	62680846	57	12	T	C
7	63026517	41	43	C	T
7	64718586	21	21	C	T
7	64718669	26	38	C	T
7	64718682	36	38	C	T
7	68485367	45	29	C	G
7	68485434	37	27	C	T
7	68545268	36	24	C	T
7	70657209	32	33	T	G
7	70976393	28	38	A	G
7	71615845	64	44	T	A
7	76580233	38	61	T	C
7	77696237	43	32	C	T
7	77696285	41	36	G	T
7	80493258	27	26	A	C
7	80493323	31	36	G	A
7	83339770	38	39	T	C
7	84952631	23	25	A	G
7	85588260	38	28	G	A
7	91183201	35	31	C	T
7	92558072	24	25	C	T
7	93379356	24	37	T	C
7	96512244	22	36	A	G
7	97964019	22	26	A	G
7	97964244	22	23	G	A
7	99161037	14	14	G	A
7	100611003	103	29	G	A
7	100611016	86	28	T	C
7	100611018	87	28	G	C
7	100611026	81	32	T	C
7	102277533	40	9	G	A
7	102277571	75	12	C	T
7	102277612	92	20	G	A
7	104225957	26	34	C	T
7	105668819	38	35	T	G
7	118245161	22	32	G	A
7	125151587	20	20	T	C
7	132264224	36	44	G	A
7	134272392	29	27	C	A
7	134756330	46	28	A	G
7	135636863	32	13	A	G
7	139555870	42	41	T	A
7	149820703	35	29	A	C
7	150294062	47	21	T	C
7	150684910	36	30	G	A
7	151011775	31	27	A	C
7	151938583	61	28	C	T
7	151975832	74	40	T	A
7	151975844	74	40	C	A
7	151975858	121	32	A	G
7	151975927	66	156	A	G
7	152286148	17	17	A	C
7	152580600	28	29	T	C
7	152580850	40	46	C	G
7	152845126	31	30	T	G
7	152845295	43	39	G	C
7	152845457	31	38	T	A
7	153756555	29	22	C	G
7	154669500	28	25	C	T
7	156180672	24	27	T	C
7	156733939	21	17	G	A
7	158251999	38	25	T	C
7	158390676	20	30	G	A
8	986232	22	24	C	T
8	986264	25	18	A	G
8	3529411	21	21	C	A
8	3549581	33	32	G	A
8	3737367	44	35	G	C
8	3737590	19	20	G	A
8	3839479	18	14	T	G
8	4171317	14	17	C	G
8	4171330	19	19	G	A
8	4171623	26	30	A	T
8	4171672	37	31	G	A
8	4171674	37	30	A	G
8	4171740	43	33	A	G
8	4171765	37	20	A	T
8	4304270	32	17	T	C
8	4502383	24	41	G	C
8	4847772	24	33	G	A
8	6962017	36	24	A	G
8	7238055	83	51	C	G
8	10915007	27	33	C	G
8	11598994	37	32	C	A
8	13165729	23	18	T	C
8	13755705	39	37	A	G
8	14907389	29	30	T	C
8	16517911	19	13	A	G
8	16517981	29	30	C	T
8	16834827	37	52	T	C
8	21170053	33	37	A	G
8	23175360	17	36	C	T
8	23175430	34	41	C	T
8	23175437	36	43	G	C
8	23175503	38	33	T	C
8	23175506	36	32	A	G
8	23175512	33	35	C	T
8	23175570	38	37	C	T
8	23175702	33	21	C	A
8	23175790	43	22	G	A
8	24935901	26	24	T	C
8	25834167	44	28	C	A
8	28160346	36	27	G	A
8	30477733	41	49	T	C
8	30799563	45	50	G	A
8	49267613	37	39	T	C
8	50174122	26	32	G	A
8	52050166	35	28	C	T
8	54025227	33	31	G	A
8	54595516	43	20	T	C
8	59304604	40	21	T	C
8	62302130	23	34	C	T
8	63805481	29	37	A	G
8	71666446	25	31	T	C
8	72654196	59	44	G	A
8	72654211	55	41	G	A
8	72738104	111	15	C	A
8	73861149	36	23	A	G
8	77474547	21	19	G	T
8	79962882	19	26	T	G
8	84235594	31	34	G	A
8	84515569	40	43	T	C
8	84515597	44	49	A	G
8	93779245	27	31	G	A
8	109113374	35	36	G	A
8	110169662	26	36	C	T
8	110169742	42	29	G	A
8	110169986	42	40	T	C
8	112104887	29	32	G	A
8	115063566	28	22	G	T
8	115066287	30	26	C	G
8	115066343	33	23	G	A
8	115516499	24	18	G	C
8	118940981	24	17	T	G
8	119085944	65	25	A	G
8	120509468	24	25	T	C
8	120509492	29	30	C	T
8	120509494	28	30	A	C
8	120509573	27	59	A	G
8	120509596	34	56	T	C
8	120509836	25	28	T	C
8	121353416	35	45	G	A
8	122596883	37	51	C	A
8	127352470	31	34	A	G
8	131046123	46	28	T	C
8	134805302	25	19	A	C
8	134805304	25	19	A	C
8	134805317	24	18	C	T
8	135946280	39	34	G	A
8	136220588	30	25	T	C
8	136902038	34	33	T	C
8	136902073	28	34	A	T
8	138212229	42	27	G	A
8	139162739	31	17	C	T
8	139817356	35	32	G	A
8	140300202	33	32	G	A
8	140416114	32	16	T	A
8	140416137	26	16	T	G
8	140767777	38	20	T	A
8	140878324	49	21	G	T
8	143435217	21	42	C	A
8	145729782	29	25	G	A
9	72712	78	17	C	G
9	1310080	64	19	T	C
9	1401099	22	100	G	T
9	4397854	28	93	T	A
9	4397922	28	89	T	A
9	6644932	11	92	C	T
9	7107843	75	12	A	G
9	7124696	23	79	C	G
9	7124935	23	105	C	T
9	7271867	74	25	T	A
9	7604979	21	94	C	A
9	7790897	52	16	T	A
9	8247641	92	22	C	T
9	8247644	93	21	A	T
9	9321416	10	50	G	A
9	10348246	18	53	A	T
9	11177247	17	56	A	G
9	12094203	12	87	T	C
9	14796621	98	20	C	A
9	15004578	16	63	A	C
9	19417034	33	104	A	G
9	19417671	38	72	C	G
9	21167620	55	10	T	A
9	21195695	71	26	G	A
9	21196086	36	21	A	T
9	21213440	30	51	T	C
9	21213488	59	31	C	A
9	21213577	15	43	G	A
9	21491004	28	63	C	G
9	23382370	64	30	A	T
9	23382382	30	62	T	C
9	23792601	61	33	C	T
9	26121389	49	12	C	G
9	29747925	15	25	T	C
9	29751688	11	36	C	G
9	31716502	25	53	G	A
9	38000647	34	18	C	T
9	44128696	25	17	G	T
9	44128707	24	21	C	T
9	44747241	32	18	G	T
9	66538454	53	66	G	A
9	67706953	12	32	A	T
9	69488855	41	7	T	C
9	70838005	89	69	C	G
9	70838121	48	31	C	T
9	71272229	33	33	A	G
9	71668431	34	43	A	G
9	76298084	23	26	T	C
9	77544226	26	26	A	G
9	83267212	35	28	C	T
9	86720034	33	17	G	A
9	88072782	28	21	T	C
9	89207563	39	29	A	G
9	89207763	52	40	G	A
9	90777213	22	18	G	A
9	91562007	27	24	A	G
9	91562014	26	31	C	A
9	98138645	28	25	T	C
9	98497814	49	45	A	G
9	98822755	25	36	G	C
9	98822946	48	49	G	A
9	102076045	27	29	C	A
9	102840510	30	27	A	T
9	106068965	17	28	T	C
9	109083847	27	25	T	C
9	110309790	21	26	A	G
9	110417341	35	36	A	T
9	110417373	30	29	C	T
9	110756266	30	18	C	T
9	110756282	33	19	T	C
9	112330129	39	39	A	C
9	114786699	34	21	G	A
9	115751163	50	34	T	C
9	115808300	29	21	A	G
9	116449537	27	32	A	T
9	119722707	38	39	T	C
9	120019556	32	36	G	A
9	120519155	15	17	G	A
9	120519204	22	29	T	C
9	120519474	32	16	A	G
9	126227533	40	30	T	C
9	127092887	21	27	C	G
9	132181179	41	28	C	T
9	132529915	30	30	C	T
9	132529982	40	28	T	C
9	133370789	30	33	G	A
9	134221265	24	14	G	T
9	134643466	27	32	A	G
9	136061121	33	33	G	C
9	137746671	21	32	C	T
9	139027358	20	28	G	C
9	140412836	45	39	C	T
10	310320	30	26	A	G
10	835542	25	24	C	T
10	1228296	21	22	G	A
10	2797307	51	42	G	A
10	2797484	53	76	T	C
10	5353004	50	42	T	C
10	5353062	49	48	C	G
10	5353322	25	19	G	A
10	5353366	23	23	C	T
10	5563360	28	19	C	A
10	6404584	36	33	G	A
10	6404700	31	38	T	G
10	6419765	47	40	G	T
10	8510494	69	37	C	G
10	11934905	15	28	A	G
10	17624520	32	8	T	C
10	19762467	40	39	T	C
10	20072264	20	24	A	G
10	25176400	50	33	T	A
10	26347597	23	33	A	G
10	28545726	46	36	G	A
10	30445666	49	31	G	A
10	30624866	24	24	G	A
10	31387001	19	36	T	A
10	33428662	50	34	G	A
10	38562855	32	72	A	T
10	38562999	47	30	C	A
10	38563009	50	30	T	C
10	38563094	49	47	T	G
10	38563108	55	55	G	T
10	38563166	54	44	T	A
10	38563287	62	29	A	C
10	38563376	59	30	A	G
10	38563461	83	32	A	T
10	38563664	55	13	G	A
10	38817075	33	28	A	T
10	38817123	51	38	G	C
10	38817141	51	33	A	G
10	38890752	40	40	C	A
10	38958038	67	66	C	G
10	39095078	58	49	T	A
10	39095274	43	47	T	A
10	39095315	46	43	C	T
10	39095400	45	56	T	C
10	39095489	42	48	T	C
10	39095497	47	50	A	G
10	39095506	50	50	C	A
10	39095610	60	56	T	C
10	39095725	74	52	A	G
10	39095730	68	57	T	C
10	42668385	25	46	G	A
10	42668497	72	20	T	C
10	42668501	72	21	C	G
10	42668716	17	63	A	G
10	42668740	71	11	C	G
10	42762696	57	3	T	G
10	42762765	64	8	T	C
10	42762777	66	8	T	A
10	43123716	61	10	G	T
10	43123722	63	9	T	C
10	43123734	59	7	A	G
10	43123739	59	8	C	A
10	43123744	62	8	G	A
10	43123759	58	33	T	C
10	43123782	61	54	T	C
10	43123787	61	53	A	T
10	43123811	57	54	T	A
10	43123829	59	45	A	G
10	43123863	65	25	T	C
10	43616751	42	37	C	A
10	45445275	35	41	T	C
10	45445424	31	26	A	G
10	48483354	26	22	G	C
10	50883280	28	25	A	T
10	50887500	28	22	G	A
10	52112030	32	24	A	G
10	52545384	48	22	G	A
10	52822539	27	22	C	G
10	55843239	42	42	G	C
10	55942731	24	24	T	G
10	56511719	15	26	G	A
10	56512298	12	28	A	C
10	64723697	24	27	C	T
10	65608468	16	20	C	T
10	67899266	16	15	A	G
10	70627251	44	27	T	C
10	71689738	31	30	C	T
10	76903566	21	28	A	C
10	76905698	54	58	A	T
10	77276171	61	45	G	T
10	78032709	15	36	C	T
10	78386328	31	22	C	T
10	78411254	29	30	T	A
10	79603688	33	27	T	C
10	83145853	11	22	T	C
10	83835639	30	19	T	C
10	88510097	22	47	A	G
10	91632678	39	31	C	G
10	91632697	33	26	T	C
10	91846011	33	21	T	C
10	92723808	43	34	A	G
10	92790177	28	34	T	C
10	99822587	37	32	A	C
10	102074926	21	31	A	G
10	108492845	26	13	G	A
10	110083527	53	52	A	G
10	110083531	51	52	A	G
10	111443534	41	20	C	G
10	121141344	23	27	C	T
10	122527498	21	31	G	T
10	123540904	42	46	G	A
10	125239009	39	33	C	G
10	126596425	33	40	T	C
10	128605284	34	31	A	C
10	131024892	65	56	A	G
10	132710878	26	34	G	A
10	132711106	39	34	T	C
10	132711178	28	35	G	C
10	133060000	26	44	C	T
10	133435388	22	25	A	G
10	134840192	42	31	A	T
11	344584	14	16	C	A
11	344588	14	16	G	A
11	344781	17	21	T	C
11	1085304	42	37	C	A
11	2593977	33	26	A	G
11	3226221	28	43	A	G
11	3226355	26	33	A	G
11	3426992	17	36	G	A
11	3521620	28	31	T	G
11	3521644	32	37	G	A
11	4438465	27	29	C	T
11	7421046	65	36	C	A
11	7421052	64	37	G	C
11	7421076	60	24	T	C
11	7421081	58	18	T	C
11	8251449	39	31	G	A
11	10473393	30	26	G	A
11	12067729	39	38	G	A
11	13173841	38	31	G	A
11	17484731	35	28	C	T
11	17716558	16	18	G	A
11	18489360	34	14	G	A
11	20092502	24	27	A	T
11	20092608	11	11	C	T
11	20092768	36	35	T	C
11	20381654	33	39	T	G
11	20381941	44	47	G	A
11	20382285	25	30	G	A
11	20400312	30	26	G	A
11	20407196	27	32	T	C
11	21366588	23	24	C	T
11	21438674	15	16	A	G
11	22660335	32	26	A	G
11	25354451	20	52	C	T
11	26251582	35	19	G	T
11	31834516	21	12	C	G
11	31834709	16	23	G	T
11	33853467	13	33	G	A
11	33853524	19	23	A	G
11	34366431	43	43	C	T
11	36168152	49	47	C	T
11	36168497	30	33	A	G
11	36612090	45	36	C	T
11	36987205	26	33	A	G
11	41118599	30	39	A	G
11	43240045	55	29	C	G
11	44452787	28	24	T	G
11	44716705	34	24	A	G
11	45194680	35	30	G	A
11	46191182	39	22	G	A
11	49930834	26	26	T	C
11	50249733	28	28	A	G
11	51195124	32	31	C	T
11	51591491	30	31	C	T
11	51591616	21	29	C	T
11	54870379	26	21	G	A
11	60838107	25	27	T	A
11	64736173	11	19	G	C
11	66035608	29	15	A	C
11	67578592	28	35	T	A
11	67578608	38	33	C	T
11	67578796	39	44	G	A
11	67579039	35	49	G	T
11	67579246	41	34	G	A
11	67579323	49	38	A	G
11	67579543	28	40	T	G
11	68656131	43	33	C	T
11	69063136	24	19	C	T
11	69652390	32	24	C	T
11	73480052	36	31	A	C
11	75520228	30	23	C	T
11	80524784	33	22	T	A
11	92010789	24	12	A	C
11	96462210	51	18	T	C
11	96982940	15	33	C	T
11	98515978	21	23	A	G
11	98516029	20	24	G	A
11	102113327	28	25	A	T
11	102117727	15	18	A	G
11	102357529	25	27	A	G
11	104166881	39	40	A	G
11	106721959	34	27	T	C
11	107508832	35	22	C	T
11	107622096	46	26	T	C
11	108381247	37	36	C	T
11	116566763	26	26	T	C
11	116574584	45	42	A	G
11	119018175	29	26	G	A
11	119018179	29	26	G	T
11	120607334	41	31	A	G
11	121744369	30	29	G	C
11	121744947	33	18	T	C
11	122929407	37	41	T	G
11	125979198	29	20	A	C
11	125979204	23	20	A	C
11	125979205	25	19	A	C
11	127045730	29	26	A	G
11	127727368	34	45	A	G
11	128268509	27	27	A	G
11	130466756	69	26	T	C
11	130466760	67	26	C	T
11	131372475	32	26	A	G
11	132309755	26	32	C	A
11	132309818	22	25	C	A
11	133390192	41	31	C	T
11	133390269	46	40	T	A
11	133390402	30	43	A	G
11	133390469	29	44	G	C
11	133390558	31	36	C	G
11	133390734	38	19	C	T
11	134696765	54	42	A	G
11	134696778	52	40	C	T
11	134696912	50	47	C	A
11	134697058	37	34	T	G
12	66767	50	19	C	T
12	169046	34	46	A	G
12	169193	72	100	T	G
12	169223	71	92	C	T
12	169270	77	81	C	T
12	169324	92	96	A	G
12	169358	101	115	G	A
12	169430	97	136	A	G
12	169475	96	116	G	T
12	640644	46	22	A	G
12	694854	60	52	C	T
12	3015008	33	51	G	A
12	3015288	32	40	C	T
12	3015382	26	30	C	G
12	3488317	32	50	A	G
12	3868088	66	38	T	C
12	3868949	47	75	T	C
12	9464133	63	21	C	G
12	9464241	89	30	C	A
12	10870398	19	49	C	T
12	11190501	33	34	T	C
12	11190514	42	40	A	G
12	11190553	50	40	A	C
12	11190571	40	47	G	A
12	11190578	41	43	T	C
12	11190583	47	42	T	C
12	11190602	39	34	G	C
12	11190612	37	42	G	A
12	11190633	42	44	G	T
12	11190696	65	48	C	T
12	11190731	69	53	C	A
12	11190744	76	59	G	A
12	11190763	56	72	C	T
12	11190786	71	61	C	T
12	11190836	73	69	C	T
12	11190848	71	60	T	C
12	11190850	71	66	A	G
12	11190856	73	72	C	A
12	11190862	73	70	C	G
12	11190879	69	72	G	A
12	11190884	74	71	G	A
12	11190889	74	73	C	T
12	11190911	78	78	C	T
12	11190919	80	72	A	T
12	11190941	79	66	T	C
12	11190964	87	61	C	T
12	11190968	87	58	C	T
12	11190979	86	60	T	C
12	11190994	72	56	G	A
12	11191002	73	54	G	C
12	11191197	85	34	T	C
12	11191430	94	61	G	A
12	11191467	98	83	G	A
12	11191491	95	80	C	T
12	11191563	44	45	G	A
12	11544528	52	31	T	C
12	11624020	48	63	A	G
12	12687417	50	27	C	G
12	19116278	47	50	G	T
12	22394902	26	31	C	G
12	24865999	65	46	A	G
12	30362018	57	18	C	T
12	31221455	37	43	C	T
12	31276870	28	49	T	G
12	34530813	32	29	C	T
12	38853257	18	27	A	G
12	57879092	29	20	G	A
12	61398962	35	38	T	C
12	61472296	45	39	C	G
12	61472323	49	30	A	G
12	61472337	52	29	T	G
12	64901246	29	21	A	G
12	64955568	17	26	G	A
12	71780870	46	24	T	C
12	71780894	26	31	T	A
12	71803666	46	35	G	C
12	74623102	23	29	T	C
12	77452006	37	54	A	T
12	77461199	14	23	A	G
12	78458078	49	39	T	C
12	84087954	30	33	A	G
12	84087986	43	37	G	A
12	84087989	37	45	C	G
12	89231876	36	40	C	T
12	95960812	23	25	A	G
12	96049138	41	66	T	A
12	96049190	42	36	G	A
12	96221599	33	26	G	A
12	96221603	31	24	C	T
12	98495221	29	42	A	G
12	98660014	39	44	T	C
12	100954141	24	22	C	T
12	105905268	35	35	G	A
12	114468664	52	65	G	T
12	115367840	43	22	A	G
12	115368079	24	23	T	G
12	115420540	34	30	A	T
12	117533776	29	24	G	A
12	119547615	39	47	A	G
12	121813249	38	39	G	A
12	122511116	33	33	A	G
12	122674758	25	32	G	A
12	122840508	26	29	G	A
12	124901641	10	35	C	T
12	124901678	31	22	A	G
12	124901681	34	19	A	G
12	125218416	26	19	A	G
12	128298173	21	31	T	C
12	129713489	25	38	C	G
12	130438119	42	46	C	T
12	130438139	45	37	C	G
12	131969845	35	31	G	C
12	132217770	29	34	G	A
13	19329208	32	33	C	T
13	19596767	40	17	G	A
13	19596800	33	16	G	A
13	19596874	21	15	G	C
13	19596992	38	17	A	G
13	26783692	37	51	G	C
13	27874025	32	30	C	T
13	29101581	20	18	A	G
13	30299930	35	24	C	A
13	32222677	18	20	A	T
13	32364831	31	20	C	T
13	35302700	42	59	C	T
13	35302747	49	36	C	G
13	35302796	31	38	C	T
13	35302869	30	25	A	T
13	35302935	30	25	T	C
13	35363888	32	29	A	G
13	36539003	27	30	A	G
13	36950630	21	24	T	C
13	42725497	49	53	A	G
13	43410269	26	32	C	G
13	45185257	22	33	C	T
13	45923360	28	34	C	G
13	48013378	48	29	A	T
13	50969114	31	24	A	G
13	53925551	37	30	A	G
13	62254215	33	15	C	T
13	64261342	30	26	A	G
13	64950422	26	20	T	C
13	64950570	20	23	G	A
13	65537638	37	41	A	G
13	66715335	32	19	C	T
13	66715377	19	31	T	C
13	70123567	19	20	T	A
13	70123603	23	29	T	C
13	70123640	17	21	T	C
13	70193713	26	23	G	A
13	77160996	25	37	C	A
13	77482173	29	31	C	T
13	78476667	17	23	A	G
13	82045385	32	31	G	A
13	87124459	24	37	T	C
13	88489663	28	30	C	T
13	88691699	34	14	A	T
13	89943697	25	38	C	A
13	90767324	23	28	C	T
13	95326644	31	40	T	A
13	95326646	48	20	A	T
13	95997234	21	33	C	G
13	97091373	27	35	A	G
13	98455955	25	26	C	T
13	99295774	27	30	C	T
13	99295895	38	26	C	G
13	99296828	25	32	G	C
13	99301343	39	25	G	A
13	101612396	43	35	C	T
13	103595282	50	28	G	C
13	104239483	35	25	T	C
13	104454134	30	30	C	T
13	105019939	28	43	G	A
13	109907898	15	23	T	C
13	110815673	19	34	C	G
13	110816097	45	22	G	C
13	112342054	28	19	C	T
13	114001769	47	19	A	G
13	114001776	43	26	T	C
13	114001875	30	15	G	A
14	19000422	61	69	A	C
14	19797198	139	36	G	C
14	20184284	49	0	A	N
14	20202040	35	110	T	A
14	20362267	93	25	A	G
14	20362269	94	26	A	G
14	23337101	41	30	C	T
14	26021983	30	29	G	A
14	28370283	30	37	G	A
14	30476736	15	17	G	A
14	33324246	40	24	T	C
14	33324270	46	25	G	A
14	33881216	20	28	T	C
14	33881237	24	23	A	G
14	36534873	37	33	A	T
14	38402523	32	33	A	G
14	46330837	38	25	T	A
14	46840936	23	26	C	T
14	47117944	15	14	T	C
14	51538159	15	18	T	C
14	54429785	25	27	A	C
14	58476390	32	22	A	G
14	59184500	31	44	G	A
14	60357110	25	19	G	A
14	63129732	28	24	A	C
14	64429351	25	29	A	C
14	64783910	27	21	G	C
14	66988259	30	23	G	C
14	67131816	45	38	A	G
14	67131845	43	36	A	G
14	69821311	35	32	G	A
14	69821529	41	29	T	C
14	70006816	27	42	G	C
14	71085815	21	46	C	T
14	72010665	27	34	T	C
14	72537332	32	35	A	G
14	75033869	16	24	A	G
14	83356159	28	28	T	C
14	84332625	28	28	G	T
14	84332749	29	19	C	T
14	85770762	34	35	C	A
14	85772936	30	20	G	A
14	85773288	19	25	A	G
14	86716644	36	33	G	A
14	88209139	44	33	T	C
14	88209175	42	34	G	A
14	90243027	26	26	C	T
14	90243062	28	25	C	T
14	90818063	34	29	A	G
14	90821364	50	47	T	C
14	90821478	30	33	G	A
14	90821670	34	39	T	C
14	90821677	35	35	A	G
14	90821801	60	31	C	T
14	90822075	53	25	G	A
14	91176550	49	42	C	G
14	91176555	57	45	A	G
14	91176579	67	53	C	T
14	91176696	58	36	A	G
14	91177468	30	25	G	T
14	93015688	11	18	T	C
14	94384442	40	53	C	T
14	94389601	31	25	G	A
14	94829303	35	41	T	C
14	95153113	23	12	T	C
14	98362312	69	60	A	T
14	98362355	64	66	C	T
14	98362538	38	45	C	A
14	105416257	24	23	G	T
14	105416262	22	22	G	C
15	20527740	24	69	G	C
15	20527832	48	78	G	A
15	20527839	52	79	T	C
15	20603822	59	66	T	G
15	20860633	64	58	T	G
15	20860725	25	42	T	G
15	21915024	25	19	C	T
15	21915025	25	18	G	A
15	22499702	92	19	T	C
15	23098503	37	11	G	T
15	23098518	41	12	G	A
15	24497033	34	20	A	T
15	25092558	12	11	C	T
15	25926976	33	24	G	A
15	25932640	42	42	A	T
15	26545455	14	18	G	T
15	27573903	25	22	C	T
15	27573935	18	15	C	T
15	27843614	35	37	A	C
15	27843618	33	37	A	G
15	28616443	27	12	T	C
15	29766306	30	48	C	T
15	35303719	23	28	G	A
15	36862457	20	20	C	T
15	37974519	30	23	C	A
15	41948486	41	33	G	C
15	42170499	35	33	T	G
15	42170506	31	34	C	T
15	43004170	29	18	C	T
15	47463261	26	26	G	A
15	47463396	36	19	C	T
15	50464609	19	25	G	A
15	51518370	23	32	T	C
15	55351198	27	32	G	A
15	56359777	16	18	C	T
15	60491426	35	25	C	G
15	63173766	26	17	A	G
15	63177015	26	29	T	C
15	63177379	35	28	G	A
15	63204340	50	17	G	A
15	64189650	64	32	C	G
15	65140715	27	26	C	G
15	67340663	34	44	C	T
15	69399264	16	19	C	T
15	69424568	34	41	G	A
15	69956151	33	36	G	T
15	71553587	24	23	T	C
15	71553636	26	37	C	T
15	71630183	23	32	A	C
15	71631026	36	35	A	G
15	71786850	14	12	A	G
15	74229678	34	40	G	A
15	78203237	46	27	C	T
15	78203303	41	29	C	T
15	78203347	34	26	A	C
15	78203930	30	37	T	C
15	78203959	34	29	T	A
15	78602774	46	50	C	T
15	78891627	36	19	G	A
15	78892107	24	14	T	C
15	79352523	41	28	A	T
15	79378775	52	52	G	A
15	79378821	49	52	C	T
15	80341682	26	41	A	G
15	84106195	38	42	G	A
15	88810912	30	33	C	A
15	97777923	28	23	G	A
15	98255934	33	34	T	C
16	143503	34	20	C	T
16	4261623	59	40	G	A
16	4261782	34	26	A	G
16	5757639	37	26	G	A
16	6118155	37	36	C	T
16	7695012	52	42	A	G
16	8612930	88	59	G	A
16	9482118	30	32	C	G
16	12354502	25	36	G	T
16	13556645	28	26	C	T
16	14446175	19	37	G	A
16	18856299	46	19	T	C
16	20006131	38	31	C	T
16	20635117	36	29	C	G
16	20729226	25	29	G	A
16	21522867	66	21	C	T
16	21522900	23	77	A	G
16	22705375	31	26	G	A
16	22705486	48	11	G	A
16	23344568	39	38	G	A
16	24442011	28	23	G	A
16	26313547	42	42	G	A
16	26313607	22	26	C	T
16	28041931	28	33	T	C
16	32403701	35	28	G	T
16	32424596	46	48	T	C
16	32424734	48	50	T	A
16	32436529	30	33	G	T
16	32499192	122	63	G	C
16	32499224	115	58	C	G
16	32499226	114	62	G	A
16	32499252	138	66	A	G
16	32499257	144	67	C	T
16	32499372	120	63	C	T
16	32499401	144	36	A	G
16	32499592	59	69	G	T
16	32499713	55	49	C	A
16	32501589	68	65	A	G
16	32501669	80	43	C	T
16	32501852	105	42	C	A
16	32513723	125	18	T	C
16	32513726	125	20	G	A
16	32513739	119	17	A	G
16	32513763	91	22	G	T
16	32657164	27	12	G	C
16	32657200	61	24	G	T
16	32836628	87	43	G	C
16	33319174	23	23	G	A
16	33485446	64	31	G	A
16	33485677	40	27	C	A
16	33485701	38	30	A	C
16	33485717	44	28	G	A
16	33485760	47	40	G	A
16	33485806	47	34	A	G
16	33545207	63	23	T	G
16	46414244	94	12	T	C
16	49182196	25	32	A	T
16	50971006	50	43	A	G
16	52725857	32	35	T	G
16	54459011	43	32	G	C
16	57001216	24	21	C	T
16	58266212	36	32	G	A
16	58266406	29	24	A	T
16	61557474	37	30	C	G
16	63155816	42	31	C	T
16	65191102	29	23	C	A
16	66376909	33	30	T	C
16	66376912	33	30	G	A
16	70036175	28	15	C	A
16	70906720	53	51	G	T
16	71372483	29	29	A	G
16	72062667	21	32	G	A
16	72063158	23	28	T	C
16	75389709	38	33	T	C
16	75389740	26	30	A	G
16	75451758	31	33	G	A
16	77110606	19	25	T	C
16	77110754	27	19	G	T
16	77328263	24	24	T	C
16	78531121	26	30	A	G
16	78637839	40	31	G	C
16	78754687	31	17	T	C
16	78831831	35	15	G	T
16	78831834	33	14	A	G
16	82871672	47	54	C	T
16	82871769	32	31	T	C
16	82877696	38	40	C	G
16	83155294	21	45	A	G
16	83155325	21	53	T	A
16	83155723	50	32	T	C
16	83487192	35	32	C	T
16	83487316	34	27	G	A
16	83487594	36	25	T	C
16	83820492	14	35	T	C
16	83820625	24	53	T	C
16	84044032	20	25	C	T
16	86166036	24	18	C	G
16	87251151	28	16	C	G
16	88852866	19	17	A	G
17	434610	24	36	C	A
17	434731	28	30	A	G
17	854253	21	14	C	A
17	4151603	27	30	G	A
17	6593748	41	20	A	G
17	6593922	25	32	T	C
17	13211375	20	21	G	A
17	13436127	38	36	G	A
17	17703510	55	26	C	G
17	20694714	20	24	C	T
17	20694726	23	24	C	T
17	20901247	13	13	C	T
17	21109368	30	28	G	A
17	26076664	32	39	G	A
17	29558082	28	40	T	C
17	29995182	37	26	C	T
17	30002712	23	29	G	C
17	30002756	45	36	G	C
17	30791177	35	36	A	G
17	33482780	28	26	G	A
17	35122227	37	50	T	A
17	38121706	29	25	G	A
17	43033668	60	41	C	T
17	43034207	32	33	G	A
17	51858444	24	40	T	C
17	51894854	48	42	C	T
17	52685109	34	24	A	G
17	52865237	20	20	C	G
17	55776543	31	20	A	T
17	60424735	44	50	G	A
17	60425091	47	36	G	A
17	68912412	32	34	G	A
17	70857697	34	35	C	T
17	71405960	33	37	C	G
17	73758425	34	29	G	A
17	75253187	54	62	G	A
17	76295961	40	51	G	A
17	76812470	24	22	G	A
17	78718774	35	38	C	T
17	78887355	21	17	C	T
17	80109237	33	17	A	G
17	80495039	26	25	T	C
18	2413983	21	28	G	C
18	4317143	39	28	G	A
18	4822815	28	29	C	A
18	7250015	30	25	T	C
18	8434976	26	28	T	C
18	14475823	14	15	C	A
18	19951119	24	40	T	C
18	20668025	46	14	A	T
18	23501282	35	23	T	C
18	23680914	24	24	A	T
18	27381491	20	30	A	T
18	36429883	47	27	G	T
18	37056738	27	34	T	A
18	37602515	27	24	G	A
18	48269587	29	38	G	A
18	49874299	26	22	T	A
18	50524661	35	27	T	A
18	55321734	19	12	T	C
18	57419473	40	43	T	C
18	58247099	30	28	T	C
18	62919217	28	22	T	A
18	63618163	38	26	C	G
18	65492395	25	21	T	C
18	68384491	43	25	G	T
18	68577068	39	44	G	A
18	69689656	42	32	G	A
18	70308244	24	40	G	C
18	70314353	22	33	C	T
18	70314855	14	15	A	G
18	70398775	16	13	A	G
18	71726394	49	47	T	C
18	74794578	48	34	G	C
18	74794666	29	49	G	A
18	74794733	59	30	G	A
18	74794737	67	23	G	A
18	74794759	69	34	T	C
18	74794762	64	42	A	G
18	74794898	27	24	A	T
18	75001436	40	48	T	C
18	75001443	34	44	G	A
18	76004341	35	37	G	C
18	76181820	15	30	C	T
18	76181876	26	29	G	A
18	76366513	30	37	C	T
18	76366522	33	28	T	C
18	76366575	41	29	C	A
18	76366590	37	39	T	C
18	76366851	41	42	C	A
18	76367250	27	32	G	A
18	76417133	25	32	T	C
19	390319	50	45	T	C
19	1797604	34	26	C	T
19	2569435	28	23	G	A
19	3087170	31	20	G	C
19	3219630	35	46	A	T
19	3219679	34	46	A	G
19	3292037	30	35	T	C
19	3370330	37	23	A	C
19	3370637	61	56	C	T
19	3979156	36	33	G	C
19	6814560	42	31	T	A
19	7429165	78	50	G	A
19	7539784	21	17	T	G
19	7544039	20	23	A	C
19	8626736	25	29	G	A
19	8773554	36	55	C	T
19	9076728	52	44	C	T
19	10527645	36	35	C	G
19	11224931	21	29	C	T
19	13658101	24	55	G	T
19	15100794	18	33	A	C
19	17806257	12	31	A	G
19	19064893	23	37	T	G
19	19826880	35	38	C	T
19	20722787	46	22	A	T
19	20722825	42	31	A	G
19	20885065	34	32	T	G
19	20988942	26	22	G	A
19	21039082	68	34	G	A
19	21039397	32	46	T	A
19	21670312	24	18	C	T
19	21955379	26	18	T	C
19	21993294	20	25	T	C
19	22413097	33	25	C	T
19	24372652	42	45	A	G
19	24465614	52	45	G	A
19	24516368	34	53	G	A
19	24516390	46	68	G	C
19	27944478	23	38	T	A
19	29348066	24	23	T	C
19	29348082	25	22	T	C
19	29350195	30	32	A	C
19	29350758	24	46	C	T
19	29352099	34	55	G	A
19	29352388	34	27	G	A
19	29714673	24	25	T	C
19	29916885	28	26	C	T
19	31975085	35	41	G	T
19	33036746	19	25	C	T
19	33036773	19	27	G	T
19	33036957	28	24	C	T
19	33113254	30	29	T	C
19	33497884	36	29	G	T
19	33503929	32	28	C	T
19	33504177	29	21	T	C
19	34240000	24	19	G	T
19	36173277	22	35	T	C
19	38016142	23	34	G	A
19	38875482	36	30	C	T
19	40444282	27	38	T	C
19	40725754	28	34	C	T
19	44974614	34	24	A	G
19	45142851	29	22	G	T
19	45189000	23	27	G	A
19	45189013	29	25	G	C
19	45189030	33	27	C	G
19	45189191	42	39	C	T
19	45189332	49	39	T	C
19	45189451	42	31	A	G
19	45189493	32	26	A	G
19	47867763	21	20	C	G
19	50079846	32	38	G	A
19	50492291	29	28	G	A
19	53973043	39	43	A	G
19	53973161	17	21	A	G
19	53973514	53	15	G	C
19	53973517	56	14	A	G
19	56962464	23	28	G	C
19	59051326	71	48	T	C
19	59051337	69	48	G	C
19	59051620	39	18	T	G
19	59051953	44	24	A	T
19	59052105	46	50	T	G
20	4408179	27	21	T	C
20	9690457	36	31	G	T
20	9984966	21	14	C	T
20	9985041	25	36	A	G
20	19873822	26	19	T	C
20	21023670	48	41	C	T
20	23130488	46	39	G	A
20	23799997	28	42	T	C
20	24436970	37	38	T	A
20	24811601	39	44	C	T
20	25215036	50	27	T	G
20	32132816	21	39	T	C
20	34634566	44	20	G	A
20	44389171	50	40	A	G
20	44389200	54	36	C	T
20	49325422	18	17	C	G
20	50102751	29	30	C	A
20	50102822	35	35	T	C
20	50174833	22	31	A	T
20	50174861	25	31	A	G
20	52492322	26	30	T	G
20	52548712	36	43	A	T
20	53301225	31	27	A	G
20	57156879	34	29	T	C
20	59157134	38	15	G	A
20	59214543	32	34	C	T
20	59658311	36	16	G	A
20	60436721	25	25	C	T
21	9515961	6	9	T	G
21	9647873	51	41	C	T
21	9659132	66	23	A	G
21	9659150	85	43	A	T
21	9659159	106	40	T	A
21	9659166	109	46	T	C
21	9659226	207	31	G	A
21	9659254	158	61	G	A
21	9659265	175	22	G	T
21	9659278	125	49	G	T
21	9659301	94	26	T	C
21	9670213	15	65	T	G
21	9849359	30	80	A	T
21	9853045	85	100	C	T
21	9853067	157	36	T	C
21	9853072	90	104	C	T
21	9853120	30	161	T	C
21	9853130	150	35	C	A
21	10618906	44	44	A	G
21	10700692	70	55	A	C
21	10705594	74	74	G	C
21	10705705	120	68	T	A
21	10705722	97	127	G	C
21	10705820	169	20	G	A
21	10705823	103	74	C	G
21	10705876	93	36	G	A
21	10737038	99	21	A	C
21	10740308	71	19	G	A
21	10806906	121	157	C	G
21	10806936	232	72	G	C
21	10824021	86	22	T	C
21	10853162	172	53	G	A
21	10853388	52	185	G	A
21	10855707	130	125	G	T
21	10855880	140	57	C	A
21	10855882	146	55	C	G
21	10855888	77	145	G	C
21	10856092	39	253	T	G
21	10856167	92	167	T	G
21	10995525	73	57	C	T
21	10995535	57	76	C	G
21	11025939	83	31	C	G
21	11025982	132	44	C	T
21	11026102	75	42	A	G
21	11038482	91	10	C	A
21	11038487	47	67	T	G
21	11038593	92	20	C	T
21	11047909	71	261	A	G
21	11047980	32	148	A	G
21	11047999	112	24	G	A
21	11073379	118	44	G	A
21	11073612	158	102	T	C
21	11089477	27	38	T	C
21	11089536	55	31	C	T
21	11111268	37	51	G	C
21	11111288	97	53	C	T
21	11111310	193	42	A	G
21	11111329	118	184	T	C
21	11111370	231	165	C	G
21	11111427	161	219	G	T
21	11111439	141	206	G	C
21	11111517	111	32	A	G
21	11111576	93	48	G	A
21	11111587	102	35	G	T
21	11111598	86	51	G	A
21	11111611	80	55	A	G
21	11111615	82	57	T	C
21	11111643	88	54	G	T
21	11111659	76	41	T	C
21	11111697	81	28	C	T
21	11127123	121	62	T	C
21	11127153	112	73	T	C
21	11129739	62	50	G	A
21	11171562	126	31	T	C
21	11187282	34	8	T	A
21	15239336	48	75	A	G
21	15239436	115	54	C	T
21	15239485	122	48	G	T
21	15239710	61	82	A	G
21	15432862	31	25	G	T
21	17747434	19	14	C	A
21	17747498	21	17	T	C
21	27590690	28	23	C	G
21	29642425	39	42	A	G
21	34710068	81	29	T	C
21	35645342	36	30	T	C
21	36124712	33	35	A	G
21	43137820	28	28	G	A
21	43234295	30	19	C	T
21	43255862	29	47	C	T
21	43461809	60	43	C	G
21	45971018	20	13	C	G
21	45971023	22	12	G	T
21	47909726	24	21	C	G
21	48005823	39	36	A	G
22	16312205	113	47	C	T
22	16312334	169	23	C	T
22	16312388	152	72	T	C
22	16312457	103	43	A	C
22	19895131	18	19	C	T
22	19895427	21	17	C	A
22	22967415	47	32	C	T
22	23771751	75	32	T	C
22	23771795	65	29	T	C
22	23771835	71	37	T	C
22	23771853	67	32	A	G
22	23771878	63	33	A	G
22	23771899	58	34	C	T
22	23771917	55	27	A	G
22	23771930	54	28	C	T
22	23772041	54	24	G	T
22	23772074	65	27	T	C
22	23772122	72	40	G	A
22	23772129	75	42	T	G
22	23772145	65	45	T	C
22	23785599	26	9	C	G
22	26343469	80	18	C	G
22	31376009	36	23	C	G
22	32589418	27	44	G	A
22	32765214	33	42	G	T
22	32928414	41	38	A	C
22	32928435	20	35	C	T
22	34921495	28	40	G	A
22	34921566	37	31	A	G
22	36088146	26	17	C	A
22	36456467	29	16	G	A
22	36456497	35	15	T	C
22	42853018	22	31	G	A
22	43389570	24	22	C	T
22	46790592	34	35	T	C
22	47001727	22	22	G	A
22	48671263	37	30	A	G
22	48839260	21	25	T	C
22	48851495	23	25	G	C
22	48851612	29	25	C	T
22	48883857	35	57	T	A
22	50167652	16	23	T	C
22	50336609	45	34	T	C
22	51120052	39	18	G	A
X	178534	33	26	G	C
X	178624	34	50	G	A
X	178683	47	48	G	T
X	933491	43	24	G	C
X	1244396	13	18	A	C
X	1851184	35	23	C	T
X	2232539	46	52	A	G
X	2390501	26	31	A	G
X	2548083	48	73	A	G
X	2548331	104	39	C	G
X	155214030	17	18	C	T
X	155214040	18	22	T	A
X	155214140	62	45	G	A
X	155214162	98	32	T	C
X	155214221	49	38	C	T
X	155214248	30	35	T	C
Y	6403169	41	11	A	G
Y	13282377	23	28	C	T
Y	13480233	51	7	G	C
Y	13480244	54	5	T	G
Y	13480282	52	30	G	A
Y	13718319	60	23	T	A
Y	13718346	82	72	A	C
Y	13718365	52	123	A	G
Y	13718424	38	40	G	T
Y	28814307	79	12	G	T
Y	28814342	85	19	T	G
Y	28814364	80	11	A	G
Y	28814393	36	18	C	G
Y	58976174	40	68	C	A
Y	58976239	156	20	C	G
Y	58976256	53	121	A	G
Y	59014835	186	44	T	C
Y	59014977	72	87	G	A
Y	59027575	13	27	G	C
Y	59027629	74	69	C	T
Y	59027655	112	91	G	T
Y	59027744	72	74	G	A
Y	59027752	89	40	G	A
Y	59027776	56	49	T	C
GL000229.1	5265	20	39	A	G
GL000229.1	5267	36	23	G	C
GL000232.1	27036	19	62	T	C
GL000240.1	24160	53	14	G	A
GL000237.1	17009	56	18	A	C
GL000237.1	17013	68	18	C	T
GL000208.1	19829	39	45	G	T
GL000208.1	44772	69	26	C	T
GL000228.1	116959	44	83	A	G
GL000214.1	101680	94	29	C	T
GL000218.1	6423	20	43	G	T
GL000220.1	59806	32	27	C	G
GL000220.1	60028	40	97	G	A
GL000199.1	161419	44	21	G	C
GL000199.1	161444	24	41	C	A
GL000216.1	125207	36	29	G	T
GL000216.1	167819	29	26	A	C
GL000216.1	167829	47	16	G	A
GL000216.1	167865	37	36	A	T
GL000216.1	167872	33	36	T	C
GL000216.1	167873	63	8	G	C
GL000216.1	167892	39	4	A	G
GL000216.1	167899	25	24	C	T
GL000216.1	167906	24	18	G	A
GL000216.1	167913	6	25	A	G
GL000216.1	167917	20	8	G	A
GL000216.1	167918	18	9	T	C
GL000216.1	167940	19	19	C	G
GL000216.1	167944	18	18	T	C
GL000216.1	167955	18	13	G	C
GL000219.1	77204	32	83	G	A
GL000219.1	77225	31	78	A	T
GL000219.1	79244	13	42	G	A
GL000224.1	22129	123	37	C	A
GL000224.1	23513	88	10	G	A
GL000224.1	23559	106	29	A	G
GL000224.1	30023	74	26	C	A
GL000224.1	30037	106	36	C	T
GL000224.1	136662	74	33	G	A
GL000195.1	44923	154	36	C	T
GL000195.1	44944	139	104	T	A
GL000195.1	44946	186	63	G	C
GL000195.1	45070	113	21	A	C
GL000195.1	46531	78	26	C	G
GL000195.1	46563	58	59	A	G
GL000195.1	46612	48	39	G	A
GL000195.1	46616	33	54	T	A
GL000193.1	70693	61	22	C	T
GL000194.1	15751	105	43	C	G
GL000194.1	185273	39	18	C	A
GL000225.1	76771	96	42	C	T
GL000225.1	76803	156	54	G	A
GL000225.1	76820	190	67	G	C
GL000225.1	76885	257	99	C	T
GL000225.1	76933	162	71	G	A
GL000225.1	76948	137	59	T	C
GL000225.1	76995	71	21	G	C
GL000225.1	111114	37	32	T	G
GL000225.1	111182	75	48	T	G
hs37d5	314975	93	84	G	A
hs37d5	314977	90	83	C	G
hs37d5	316298	70	29	T	A
hs37d5	316329	64	64	C	T
hs37d5	2063715	80	57	A	G
hs37d5	2415455	61	32	G	T
hs37d5	2539447	54	48	C	A
hs37d5	3583398	84	15	G	C
hs37d5	3618232	115	26	G	C
hs37d5	3618238	123	25	A	T
hs37d5	3618274	123	30	C	T
hs37d5	3637676	30	9	C	A
hs37d5	3637685	15	23	T	G
hs37d5	3920821	78	58	A	G
hs37d5	3920830	89	54	C	G
hs37d5	4242249	28	26	G	A
hs37d5	4849338	74	17	T	G
hs37d5	4941001	14	14	T	C
hs37d5	5349519	51	18	G	A
hs37d5	5349600	45	60	G	A
hs37d5	5387238	78	23	G	T
hs37d5	5387307	112	91	G	T
hs37d5	5405242	73	26	T	G
hs37d5	6796708	42	6	C	T
hs37d5	8686839	36	23	C	T
hs37d5	8694339	34	61	T	C
hs37d5	8766702	58	65	A	C
hs37d5	8872320	41	21	A	G
hs37d5	8872422	63	9	G	A
hs37d5	9123246	53	35	C	G
hs37d5	9123272	82	20	G	C
hs37d5	9123284	63	40	G	T
hs37d5	9123301	63	42	G	T
hs37d5	9148386	246	53	A	T
hs37d5	9148390	218	93	G	A
hs37d5	9148410	209	155	C	T
hs37d5	10737901	44	46	T	G
hs37d5	12090846	43	24	T	C
hs37d5	12249922	127	26	T	C
hs37d5	12372694	44	73	G	C
hs37d5	12372727	141	50	C	A
hs37d5	12372743	148	57	C	T
hs37d5	12372784	131	53	G	A
hs37d5	13119268	28	28	C	G
hs37d5	13120215	21	19	G	A
hs37d5	13120287	40	34	C	T
hs37d5	13120311	38	32	A	T
hs37d5	13139790	139	82	T	A
hs37d5	13139823	27	177	G	A
hs37d5	13139857	98	91	G	A
hs37d5	13139884	130	18	A	G
hs37d5	13139893	108	36	G	T
hs37d5	13238206	39	16	A	C
hs37d5	13238217	38	12	C	T
hs37d5	16092860	102	17	C	T
hs37d5	16092905	124	49	T	C
hs37d5	16195146	81	12	A	T
hs37d5	16195154	16	76	C	G
hs37d5	16195167	55	44	T	G
hs37d5	16195183	81	14	C	G
hs37d5	16195211	83	11	A	G
hs37d5	17880307	113	36	A	G
hs37d5	18810195	35	13	C	G
hs37d5	18818601	61	109	T	C
hs37d5	18818784	67	33	A	G
hs37d5	18818800	28	87	A	G
hs37d5	18818829	101	40	A	G
hs37d5	18888874	149	73	T	G
hs37d5	18888916	91	104	C	T
hs37d5	18906664	23	32	G	T
hs37d5	18912160	46	45	A	C
hs37d5	18912216	32	34	A	G
hs37d5	18920123	111	103	A	T
hs37d5	18920204	367	77	G	T
hs37d5	18920271	73	44	G	A
hs37d5	18920283	52	16	G	C
hs37d5	19003453	21	47	A	G
hs37d5	19024135	146	11	G	C
hs37d5	19024360	91	38	G	A
hs37d5	19319580	45	15	C	T
hs37d5	19354727	41	20	C	A
hs37d5	19359807	30	12	G	C
hs37d5	19383989	158	49	G	A
hs37d5	19399919	83	51	A	G
hs37d5	19399950	39	76	C	T
hs37d5	19399979	22	44	C	A
hs37d5	19501083	15	51	T	G
hs37d5	19502030	94	132	C	G
hs37d5	19502044	206	47	G	A
hs37d5	19502125	28	69	A	G
hs37d5	19556115	141	43	T	A
hs37d5	19649011	42	19	G	A
hs37d5	19649073	85	23	A	T
hs37d5	19663463	72	126	A	G
hs37d5	19663545	81	176	G	A
hs37d5	19663553	164	84	T	C
hs37d5	19663579	139	71	G	A
hs37d5	19663594	118	55	T	C
hs37d5	19723478	104	23	A	G
hs37d5	19737190	50	55	T	A
hs37d5	19743801	26	49	C	T
hs37d5	19772257	72	63	A	G
hs37d5	19772406	82	51	A	T
hs37d5	19773479	54	25	A	C
hs37d5	19773491	66	13	G	A
hs37d5	19777980	57	0	G	N
hs37d5	19800201	47	57	A	G
hs37d5	19800207	53	60	T	C
hs37d5	19800222	69	75	A	G
hs37d5	19800376	76	62	G	A
hs37d5	19839525	18	43	G	A
hs37d5	19839526	45	18	G	T
hs37d5	19839532	45	17	A	T
hs37d5	19839558	28	50	T	C
hs37d5	19839568	36	50	A	C
hs37d5	19925730	38	8	A	T
hs37d5	19948651	42	40	T	A
hs37d5	19973361	41	12	G	A
hs37d5	19975310	19	32	G	A
hs37d5	19980908	91	9	G	T
hs37d5	19980913	92	13	A	G
hs37d5	19987711	86	32	T	A
hs37d5	20291702	36	70	A	G
hs37d5	20766784	335	82	A	T
hs37d5	20766915	30	63	T	G
hs37d5	20788960	76	31	A	T
hs37d5	20845823	120	50	G	C
hs37d5	20845863	150	28	A	T
hs37d5	20845867	132	44	C	T
hs37d5	20845910	93	42	C	T
hs37d5	20849913	38	40	T	C
hs37d5	20850020	95	76	T	A
hs37d5	20857389	68	19	G	A
hs37d5	20857553	103	41	T	A
hs37d5	20880567	50	12	T	A
hs37d5	20891494	28	36	A	G
hs37d5	20897928	67	62	A	G
hs37d5	21101550	51	34	G	T
hs37d5	21140680	58	16	A	T
hs37d5	21140694	71	13	T	C
hs37d5	21140783	49	18	G	A
hs37d5	21160599	302	66	C	T
hs37d5	21163236	23	8	T	C
hs37d5	21173372	46	23	T	G
hs37d5	21173401	26	21	T	A
hs37d5	21269026	829	149	A	T
hs37d5	21269029	881	74	C	T
hs37d5	21269046	759	89	A	T
hs37d5	21269067	625	77	T	C
hs37d5	21269080	439	180	C	G
hs37d5	21393873	26	22	T	C
hs37d5	21393876	25	28	G	A
hs37d5	21393900	54	42	A	T
hs37d5	21393908	60	49	C	T
hs37d5	21393935	96	47	G	A
hs37d5	21393944	107	48	G	T
hs37d5	21393988	121	45	G	A
hs37d5	21422585	111	48	G	T
hs37d5	21422652	165	143	C	T
hs37d5	21422700	117	130	C	T
hs37d5	21422724	99	101	C	T
hs37d5	21422727	98	95	A	C
hs37d5	21422753	59	67	T	C
hs37d5	21426893	88	27	C	A
hs37d5	21460685	57	125	C	A
hs37d5	21517234	40	15	T	A
hs37d5	21517273	11	66	C	G
hs37d5	21524697	67	11	C	A
hs37d5	21547410	71	34	C	T
hs37d5	21547432	79	43	C	A
hs37d5	21547460	85	38	G	A
hs37d5	21547511	62	24	G	A
hs37d5	21549046	62	21	C	A
hs37d5	21549056	65	28	C	T
hs37d5	21550618	49	16	G	C
hs37d5	21550699	89	28	G	A
hs37d5	21648592	29	14	C	T
hs37d5	21654608	53	147	G	A
hs37d5	21655468	40	49	T	A
hs37d5	21655470	26	64	G	C
hs37d5	21655481	27	87	A	G
hs37d5	21655491	62	83	C	T
hs37d5	21655500	158	25	C	T
hs37d5	21655635	76	11	C	T
hs37d5	21664726	44	6	G	T
hs37d5	21664792	20	80	T	A
hs37d5	21665056	106	51	C	A
hs37d5	21717431	42	26	G	A
hs37d5	21791076	24	36	C	A
hs37d5	21801983	106	23	A	G
hs37d5	21801997	58	65	C	G
hs37d5	21839848	40	39	G	T
hs37d5	21839882	175	39	C	A
hs37d5	21839911	180	50	C	T
hs37d5	21839927	217	25	G	A
hs37d5	21930790	46	12	G	C
hs37d5	21930825	16	30	C	G
hs37d5	21930837	55	13	A	G
hs37d5	21955403	104	39	T	C
hs37d5	21955404	83	55	T	A
hs37d5	21975137	191	36	G	A
hs37d5	22053387	53	74	C	T
hs37d5	22071593	23	11	G	T
hs37d5	22106105	45	10	G	T
hs37d5	22106135	35	23	G	A
hs37d5	22111489	35	25	C	T
hs37d5	22150437	106	25	G	A
hs37d5	22150517	35	38	T	C
hs37d5	22431813	156	49	T	A
hs37d5	22447159	8	20	A	G
hs37d5	22487180	35	34	C	G
hs37d5	22488651	39	55	A	T
hs37d5	22488680	51	17	C	T
hs37d5	22488760	16	61	G	A
hs37d5	22498626	147	70	C	G
hs37d5	22498678	289	41	A	T
hs37d5	22498698	163	197	G	A
hs37d5	22498713	274	65	A	T
hs37d5	22498770	122	48	T	A
hs37d5	22504591	36	22	C	T
hs37d5	22504595	31	21	T	G
hs37d5	22513223	106	22	G	T
hs37d5	22516405	124	33	T	A
hs37d5	22519313	33	58	G	C
hs37d5	22519344	93	24	C	A
hs37d5	22528406	145	55	G	A
hs37d5	22528452	224	88	G	A
hs37d5	22528476	250	37	C	T
hs37d5	22528480	236	40	C	A
hs37d5	22556508	95	35	C	A
hs37d5	22567001	71	56	T	C
hs37d5	22573249	102	31	T	G
hs37d5	22573317	187	48	A	T
hs37d5	22573372	56	117	C	A
hs37d5	22573395	103	33	G	A
hs37d5	22573420	72	16	G	A
hs37d5	22588465	82	37	G	A
hs37d5	22591960	127	55	C	T
hs37d5	22591968	132	62	T	A
hs37d5	22591996	183	46	C	A
hs37d5	22592037	164	68	T	A
hs37d5	22592097	25	107	T	C
hs37d5	22592106	23	98	C	G
hs37d5	22592112	74	37	T	C
hs37d5	22592115	66	35	A	T
hs37d5	22606449	34	32	C	A
hs37d5	22606474	14	61	A	G
hs37d5	22606483	14	65	T	C
hs37d5	22606486	43	37	G	A
hs37d5	22606571	51	34	T	C
hs37d5	22624948	55	44	C	T
hs37d5	22724648	81	18	T	A
hs37d5	22770491	63	6	T	A
hs37d5	22770892	115	40	T	C
hs37d5	22880151	20	15	T	A
hs37d5	22880189	34	22	G	C
hs37d5	23005431	205	78	G	A
hs37d5	23005496	185	38	T	C
hs37d5	23005516	143	34	G	C
hs37d5	23013457	35	43	A	G
hs37d5	23013479	33	23	A	C
hs37d5	23570392	46	43	T	C
hs37d5	23586940	46	9	T	C
hs37d5	23863657	19	21	T	C
hs37d5	23940142	30	19	A	G
hs37d5	23940164	26	12	A	C
hs37d5	23947762	49	28	T	C
hs37d5	24065031	33	11	C	T
hs37d5	24065034	13	30	C	T
hs37d5	24076036	78	13	T	C
hs37d5	24146049	49	7	A	G
hs37d5	24146101	11	34	A	G
hs37d5	24167047	43	28	T	C
hs37d5	24240181	63	194	G	A
hs37d5	24240197	121	151	C	A
hs37d5	24240221	274	36	G	T
hs37d5	24240284	178	38	T	C
hs37d5	24240311	88	138	C	T
hs37d5	24240321	56	141	A	G
hs37d5	24240327	87	118	G	A
hs37d5	24240389	103	106	A	G
hs37d5	24240453	50	66	A	T
hs37d5	24240477	35	60	T	G
hs37d5	24275128	31	27	A	T
hs37d5	24557455	38	16	G	A
hs37d5	24561178	45	21	T	A
hs37d5	24561235	9	54	T	G
hs37d5	24580820	123	32	T	C
hs37d5	24581371	66	22	A	G
hs37d5	24648034	38	37	A	G
hs37d5	24661713	37	16	A	C
hs37d5	24661742	26	6	C	G
hs37d5	24684861	32	29	G	A
hs37d5	24684914	89	7	T	C
hs37d5	24684932	39	44	A	T
hs37d5	25150781	22	16	A	G
hs37d5	25684603	56	47	C	T
hs37d5	25777102	64	24	C	T
hs37d5	25779359	44	32	G	C
hs37d5	25808790	102	31	T	A
hs37d5	25808809	74	26	C	T
hs37d5	25808823	60	19	T	C
hs37d5	25881353	49	11	G	A
hs37d5	25881379	70	23	C	T
hs37d5	25881394	81	26	A	T
hs37d5	25881525	64	26	G	C
hs37d5	25881554	38	24	C	T
hs37d5	25881556	38	24	C	G
hs37d5	26000306	33	15	T	C
hs37d5	26000417	47	28	G	C
hs37d5	26000424	63	31	T	A
hs37d5	26000541	28	42	T	C
hs37d5	26032735	183	19	C	T
hs37d5	26063178	33	40	G	T
hs37d5	26063186	77	29	T	C
hs37d5	26063191	89	30	A	G
hs37d5	26063209	63	84	G	T
hs37d5	26063213	142	30	A	C
hs37d5	26063251	147	38	A	C
hs37d5	26063293	41	58	G	A
hs37d5	26065918	279	87	T	C
hs37d5	26065920	276	96	T	G
hs37d5	26065948	213	126	T	G
hs37d5	26065960	86	248	T	A
hs37d5	26065963	226	100	A	G
hs37d5	26065978	185	117	A	G
hs37d5	26065987	177	153	T	A
hs37d5	26066001	239	38	T	C
hs37d5	26066012	118	85	A	C
hs37d5	26066032	34	135	G	T
hs37d5	26066075	21	107	C	T
hs37d5	26066102	28	30	T	A
hs37d5	26087137	78	18	G	A
hs37d5	26087181	10	42	T	G
hs37d5	26087186	78	36	T	G
hs37d5	26087191	87	35	T	G
hs37d5	26087196	78	40	T	G
hs37d5	26087215	99	68	A	G
hs37d5	26087259	152	73	T	G
hs37d5	26087324	86	21	G	T
hs37d5	26111975	96	7	T	A
hs37d5	26138759	35	33	G	A
hs37d5	26138771	51	11	G	A
hs37d5	26156464	97	65	G	T
hs37d5	26156529	25	36	A	G
hs37d5	26188188	88	16	C	G
hs37d5	26199710	71	40	G	C
hs37d5	26203784	36	20	T	G
hs37d5	26218491	39	30	T	G
hs37d5	26218578	116	40	T	C
hs37d5	26218659	316	94	T	A
hs37d5	26218702	268	95	A	C
hs37d5	26273020	37	67	G	C
hs37d5	26273024	36	68	G	A
hs37d5	26273102	44	92	G	A
hs37d5	26434616	30	33	G	T
hs37d5	26494555	36	37	C	G
hs37d5	26554056	31	27	C	T
hs37d5	26554073	57	21	G	C
hs37d5	26554090	56	11	A	C
hs37d5	26579579	63	78	C	T
hs37d5	26579612	52	83	A	C
hs37d5	26579651	60	45	C	A
hs37d5	26620768	18	43	A	T
hs37d5	26620795	45	18	T	G
hs37d5	26620807	42	17	C	T
hs37d5	26620827	37	21	C	T
hs37d5	26633515	71	21	T	A
hs37d5	26648038	74	93	C	G
hs37d5	26656437	271	66	A	G
hs37d5	26656445	228	137	C	G
hs37d5	26656497	307	122	A	T
hs37d5	26656502	231	200	A	T
hs37d5	26656531	303	63	C	G
hs37d5	26656633	86	30	T	G
hs37d5	26656655	21	48	A	C
hs37d5	26868421	129	30	G	A
hs37d5	26868509	93	24	C	T
hs37d5	26868558	40	16	T	C
hs37d5	26875383	119	28	C	T
hs37d5	26875389	95	54	C	G
hs37d5	26875415	111	75	G	A
hs37d5	26875439	104	102	C	G
hs37d5	26926354	101	25	G	T
hs37d5	26926371	91	49	T	C
hs37d5	26926408	153	36	A	G
hs37d5	26926410	157	35	G	A
hs37d5	26926439	133	82	G	A
hs37d5	26926462	123	53	T	G
hs37d5	26926465	115	61	C	T
hs37d5	26929307	242	78	T	C
hs37d5	26963080	9	12	G	T
hs37d5	26963099	20	20	A	G
hs37d5	26963147	15	20	G	C
hs37d5	27007402	28	38	T	G
hs37d5	27032040	19	40	A	G
hs37d5	27032070	59	26	T	A
hs37d5	27032115	69	33	A	G
hs37d5	27051313	35	143	G	T
hs37d5	27051343	193	31	G	T
hs37d5	27051359	39	186	G	C
hs37d5	27051392	129	45	G	T
hs37d5	27051433	23	58	C	G
hs37d5	27052677	33	37	T	G
hs37d5	27072697	158	65	T	C
hs37d5	27072746	67	47	T	A
hs37d5	27143708	75	16	G	A
hs37d5	27259888	36	57	A	T
hs37d5	27259920	19	41	A	G
hs37d5	27267977	158	46	G	A
hs37d5	27268031	139	34	T	C
hs37d5	27268035	137	35	C	A
hs37d5	27300575	44	9	C	T
hs37d5	27300582	47	9	C	G
hs37d5	27343121	46	22	G	A
hs37d5	27343153	82	50	T	G
hs37d5	27343190	134	71	G	A
hs37d5	27343210	84	150	A	G
hs37d5	27343244	103	170	A	C
hs37d5	27343313	71	106	A	G
hs37d5	27343346	68	30	C	T
hs37d5	27343352	63	24	T	A
hs37d5	27364802	58	19	A	T
hs37d5	27364828	28	88	A	G
hs37d5	27364831	57	59	C	T
hs37d5	27364859	40	132	G	A
hs37d5	27364943	297	111	A	T
hs37d5	27364983	272	71	T	C
hs37d5	27365026	146	66	G	A
hs37d5	27365032	54	138	C	A
hs37d5	27365048	41	94	T	A
hs37d5	27365063	28	67	T	C
hs37d5	27367691	28	19	A	G
hs37d5	27367699	31	26	T	C
hs37d5	27367709	49	16	G	T
hs37d5	27367722	57	14	C	T
hs37d5	27367724	35	39	A	G
hs37d5	27367773	45	88	T	C
hs37d5	27367790	75	33	C	G
hs37d5	27367810	32	74	T	C
hs37d5	27367830	60	25	G	T
hs37d5	27367859	12	30	G	T
hs37d5	27367865	30	8	C	A
hs37d5	27367879	6	26	T	C
hs37d5	27398389	134	41	A	T
hs37d5	27467543	47	33	T	C
hs37d5	27477455	87	19	C	G
hs37d5	27477456	51	57	C	T
hs37d5	27477474	54	80	A	G
hs37d5	27554225	210	46	G	T
hs37d5	27701690	253	35	G	T
hs37d5	27701713	333	35	T	A
hs37d5	27701859	29	53	A	G
hs37d5	27701870	28	46	A	G
hs37d5	27720840	67	17	C	A
hs37d5	27720849	31	54	A	T
hs37d5	27721008	0	71	G	T
hs37d5	27810756	42	33	C	A
hs37d5	27810874	70	36	C	A
hs37d5	27878159	92	24	C	T
hs37d5	27878185	72	62	T	C
hs37d5	27884494	49	17	A	T
hs37d5	27919350	36	18	C	A
hs37d5	27919368	30	43	A	T
hs37d5	27919491	26	37	C	T
hs37d5	27940471	154	43	C	T
hs37d5	27999999	17	11	G	A
hs37d5	28035178	82	48	G	T
hs37d5	28035228	112	18	T	A
hs37d5	28035264	56	26	C	G
hs37d5	28037938	122	22	T	C
hs37d5	28037951	121	21	G	T
hs37d5	28038023	136	27	T	C
hs37d5	28076404	335	144	G	C
hs37d5	28215277	75	47	A	T
hs37d5	28215327	123	96	C	G
hs37d5	28274392	59	89	C	G
hs37d5	28294024	81	37	T	C
hs37d5	28294073	120	39	A	C
hs37d5	28294108	147	29	G	C
hs37d5	28294114	129	31	C	T
hs37d5	28399161	58	28	A	G
hs37d5	28399189	83	34	A	G
hs37d5	28399374	23	18	G	A
hs37d5	28408217	97	20	A	C
hs37d5	28408237	83	18	A	C
hs37d5	28420820	47	26	A	G
hs37d5	28662955	14	45	T	C
hs37d5	28662956	46	14	A	G
hs37d5	28662985	60	13	T	A
hs37d5	28662997	41	50	G	C
hs37d5	28663044	92	30	A	C
hs37d5	28663067	40	71	G	T
hs37d5	28668485	16	17	C	T
hs37d5	28724602	44	84	T	C
hs37d5	28724662	75	134	T	C
hs37d5	28724708	84	155	T	C
hs37d5	28728276	46	120	A	G
hs37d5	28728292	46	125	A	G
hs37d5	28728335	61	110	G	C
hs37d5	28813508	48	39	A	T
hs37d5	28841979	89	80	G	A
hs37d5	28841989	58	91	A	G
hs37d5	28842007	72	38	G	T
hs37d5	28842065	37	12	T	G
hs37d5	28859138	67	44	G	T
hs37d5	28863502	37	38	T	A
hs37d5	28944339	75	43	C	G
hs37d5	29176750	202	89	T	C
hs37d5	29176834	126	89	A	G
hs37d5	29177650	25	37	T	A
hs37d5	29181784	34	34	C	T
hs37d5	29181851	46	39	G	A
hs37d5	29181871	47	32	C	T
hs37d5	29181887	45	22	T	C
hs37d5	29289892	50	15	A	C
hs37d5	29298296	58	56	T	A
hs37d5	29298327	72	87	G	A
hs37d5	29412646	25	12	C	A
hs37d5	29412845	39	24	G	A
hs37d5	29423220	54	41	A	G
hs37d5	29496279	67	10	C	T
hs37d5	29496305	54	9	C	T
hs37d5	29641506	85	34	G	A
hs37d5	29641552	101	23	G	A
hs37d5	29641572	98	19	T	G
hs37d5	29641585	84	29	T	A
hs37d5	29693112	8	31	A	C
hs37d5	29727151	107	34	C	A
hs37d5	29817576	34	27	T	A
hs37d5	29817583	40	27	G	T
hs37d5	29863129	77	29	A	G
hs37d5	29963693	35	49	C	G
hs37d5	29982504	11	22	T	A
hs37d5	30003753	219	58	C	G
hs37d5	30003860	105	33	G	C
hs37d5	30008680	65	23	T	C
hs37d5	30008918	330	72	T	C
hs37d5	30008928	297	65	G	T
hs37d5	30009688	52	51	C	T
hs37d5	30009718	87	28	A	G
hs37d5	30027433	42	34	G	A
hs37d5	30027453	58	25	G	C
hs37d5	30085297	49	41	A	C
hs37d5	30094656	50	48	G	A
hs37d5	30099165	47	49	A	T
hs37d5	30200070	43	18	T	G
hs37d5	30216082	54	28	G	T
hs37d5	30227724	116	67	C	G
hs37d5	30228367	71	15	C	T
hs37d5	30228391	66	48	C	A
hs37d5	30228448	123	59	G	A
hs37d5	30228523	66	41	G	C
hs37d5	30565487	310	119	G	T
hs37d5	30565522	422	39	G	T
hs37d5	30565533	229	185	C	T
hs37d5	30578534	66	27	A	T
hs37d5	30578591	97	38	C	G
hs37d5	30581428	32	2	G	A
hs37d5	30595473	47	49	A	T
hs37d5	30602959	19	117	A	G
hs37d5	30603016	457	74	C	A
hs37d5	30603045	217	372	T	A
hs37d5	30603061	355	216	A	G
hs37d5	30603101	75	272	C	G
hs37d5	30603130	57	152	A	G
hs37d5	30617790	22	36	C	G
hs37d5	30617829	86	37	G	A
hs37d5	30617841	65	59	T	A
hs37d5	30617902	104	50	C	T
hs37d5	30617905	19	135	A	G
hs37d5	30617913	117	43	T	A
hs37d5	30622648	59	12	G	A
hs37d5	30683319	52	8	T	C
hs37d5	30683440	184	43	G	A
hs37d5	30683444	144	86	G	T
hs37d5	30683451	190	41	G	T
hs37d5	30683456	189	38	C	G
hs37d5	30683458	183	37	T	A
hs37d5	30895340	118	31	C	T
hs37d5	30895351	27	100	C	G
hs37d5	30895397	26	28	G	T
hs37d5	35111513	42	20	C	T
hs37d5	35111560	37	21	G	A
hs37d5	35111566	36	21	G	A
hs37d5	35269029	25	57	A	G
hs37d5	35269162	276	56	C	T
hs37d5	35269182	179	94	G	A
hs37d5	35269218	72	126	G	C
hs37d5	35269265	36	45	T	G
